{
    "gpu": {
        "use": true,
        "id": 2
    },
    
    "model": "GraphSage",
    "dataset": "OGBL-COLLAB",
    

    "out_dir": "out/COLLAB_edge_classification/GraphSage/isotropic/",
    
    "params": {
        "seed": 41,
        "epochs": 500,
        "batch_size": 32768,
        "init_lr": 0.001,
        "lr_reduce_factor": 0.5,
        "lr_schedule_patience": 10,
        "min_lr": 1e-5,
        "weight_decay": 0.0,
        "print_epoch_interval": 1,
        "max_time": 24
    },
    
    "net_params": {
        "L": 3,
        "hidden_dim": 42,
        "out_dim": 42,
        "residual": true,
        "readout": "mean",
        "in_feat_dropout": 0.0,
        "dropout": 0.0,
        "batch_norm": true,
        "sage_aggregator": "maxpool",
        "edge_feat": false,
        "layer_type": "isotropic"
    }
}