{
    "gpu": {
        "use": true,
        "id": 0
    },
    
    "model": "GraphSage",
    "dataset": "CSL",
    
    "out_dir": "out/CSL_graph_classification/",
    
    "params": {
        "seed": 41,
        "epochs": 1000,
        "batch_size": 5,
        "init_lr": 5e-4,
        "lr_reduce_factor": 0.5,
        "lr_schedule_patience": 5,
        "min_lr": 1e-6,
        "weight_decay": 0.0,
        "print_epoch_interval": 5,
        "max_time": 12
    },
    
    "net_params": {
        "L": 4,
        "hidden_dim": 90,
        "out_dim": 90,
        "residual": true,
        "readout": "mean",
        "in_feat_dropout": 0.0,
        "dropout": 0.0,
        "batch_norm": true,
        "sage_aggregator": "maxpool",
        "pos_enc": true,
        "pos_enc_dim": 20
    }
}