date,open,high,close,low,volume,price_change,p_change,ma5,ma10,ma20,v_ma5,v_ma10,v_ma20,turnover,halt
2013-10-21,40.36,42.6,41.89,40.1,139729.38,1.14,2.8,41.89,41.89,41.89,139729.38,139729.38,139729.38,3.64,0
2013-10-22,42.5,43.56,41.7,41.5,140480.3,-0.19,-0.45,41.795,41.795,41.795,140104.84,140104.84,140104.84,3.66,0
2013-10-23,41.69,43.66,41.51,40.7,137881.59,-0.19,-0.46,41.7,41.7,41.7,139363.76,139363.76,139363.76,3.59,0
2013-10-24,41.18,41.4,40.68,39.6,78276.21,-0.83,-2.0,41.445,41.445,41.445,124091.87,124091.87,124091.87,2.04,0
2013-10-25,40.98,42.15,40.95,39.84,81232.11,0.27,0.66,41.346,41.346,41.346,115519.92,115519.92,115519.92,2.11,0
2013-10-28,41.25,41.48,39.45,38.75,70586.85,-1.5,-3.66,40.858,41.03,41.03,101691.41,108031.07,108031.07,1.84,0
2013-10-29,39.47,39.89,38.08,37.28,81727.33,-1.37,-3.47,40.134,40.609,40.609,89940.82,104273.4,104273.4,2.13,0
2013-10-30,38.18,39.3,39.3,37.81,59540.03,1.22,3.2,39.692,40.445,40.445,74272.51,98681.73,98681.73,1.55,0
2013-10-31,39.2,39.2,37.98,37.7,48691.53,-1.32,-3.36,39.152,40.171,40.171,68355.57,93127.26,93127.26,1.27,0
2013-11-01,38.29,38.95,38.07,37.81,46667.47,0.09,0.24,38.576,39.961,39.961,61442.64,88481.28,88481.28,1.21,0
2013-11-04,37.9,38.6,38.52,37.0,52087.39,0.45,1.18,38.39,39.624,39.83,57742.75,79717.08,85172.74,1.36,0
2013-11-05,38.15,39.2,38.85,37.5,70495.9,0.33,0.86,38.544,39.339,39.748,55496.46,72718.64,83949.67,1.83,0
2013-11-06,38.91,39.21,37.85,37.8,47427.9,-1.0,-2.57,38.254,38.973,39.602,53074.04,63673.27,81140.31,1.23,0
2013-11-07,37.0,37.0,35.6,35.0,92302.7,-2.25,-5.95,37.778,38.465,39.316,61796.27,65075.92,81937.62,2.4,0
2013-11-08,35.15,35.58,35.09,34.53,43188.63,-0.51,-1.43,37.182,37.879,39.035,61100.5,61271.57,79354.35,1.12,0
2013-11-11,35.3,36.68,36.01,35.3,42863.1,0.92,2.62,36.68,37.535,38.846,59255.65,58499.2,77073.65,1.12,0
2013-11-12,36.2,36.64,36.08,35.7,28718.85,0.07,0.19,36.126,37.335,38.683,50900.24,53198.35,74229.25,0.75,0
2013-11-13,36.3,36.39,34.72,34.71,38616.37,-1.36,-3.77,35.5,36.877,38.463,49137.93,51105.98,72250.76,1.0,0
2013-11-14,34.95,35.4,35.04,34.7,42452.81,0.32,0.92,35.388,36.583,38.283,39167.95,50482.11,70682.44,1.1,0
2013-11-15,35.35,36.6,35.9,35.05,49612.55,0.86,2.45,35.55,36.366,38.164,40452.74,50776.62,69628.95,1.29,0
2013-11-18,36.1,36.58,36.48,35.79,54417.84,0.58,1.62,35.644,36.162,37.893,42763.68,51009.67,65363.37,1.42,0
2013-11-19,36.47,36.48,36.1,35.8,44069.1,-0.38,-1.04,35.648,35.887,37.613,45833.73,48366.99,60542.81,1.15,0
2013-11-20,36.36,36.57,36.36,35.9,32787.2,0.26,0.72,35.976,35.738,37.356,44667.9,46902.91,55288.09,0.85,0
2013-11-21,36.0,36.15,35.54,35.18,54399.17,-0.82,-2.25,36.076,35.732,37.099,47057.17,43112.56,54094.24,1.42,0
2013-11-22,35.47,37.92,37.0,35.31,91763.06,1.46,4.11,36.296,35.923,36.901,55487.27,47970.0,54620.79,2.39,0
2013-11-25,36.8,37.09,36.53,36.11,42248.02,-0.47,-1.27,36.306,35.975,36.755,53053.31,47908.5,53203.85,1.1,0
2013-11-26,36.53,37.5,37.0,36.25,53604.36,0.47,1.29,36.486,36.067,36.701,54960.36,50397.05,51797.7,1.39,0
2013-11-27,36.98,38.43,38.11,36.88,90144.77,1.11,3.0,36.836,36.406,36.642,66431.88,55549.89,53327.94,2.35,0
2013-11-28,38.11,38.6,38.1,37.82,49104.79,-0.01,-0.03,37.348,36.712,36.648,65373.0,56215.09,53348.6,1.28,0
2013-11-29,38.03,38.23,37.86,37.53,44622.56,-0.24,-0.63,37.52,36.908,36.637,55944.9,55716.09,53246.35,1.16,0
2013-12-02,36.8,37.34,35.4,35.18,76965.33,-2.46,-6.5,37.294,36.8,36.481,62888.36,57970.84,54490.25,2.0,0
2013-12-03,35.2,36.2,35.96,35.01,49239.85,0.56,1.58,37.086,36.786,36.337,62015.46,58487.91,53427.45,1.28,0
2013-12-04,36.13,36.78,36.03,35.78,63071.8,0.07,0.2,36.67,36.753,36.246,56600.87,61516.37,54209.64,1.64,0
2013-12-05,36.03,37.98,37.65,35.9,102647.62,1.62,4.5,36.58,36.964,36.348,67309.43,66341.22,54726.89,2.67,0
2013-12-06,37.66,38.8,38.02,37.5,87848.87,0.37,0.98,36.612,37.066,36.495,75954.69,65949.8,56959.9,2.29,0
2013-12-09,38.08,38.45,37.95,37.46,49973.51,-0.07,-0.18,37.122,37.208,36.592,70556.33,66722.35,57315.42,1.3,0
2013-12-10,38.18,38.74,38.0,37.73,49047.4,0.05,0.13,37.53,37.308,36.688,70517.84,66266.65,58331.85,1.28,0
2013-12-11,37.81,37.85,37.28,36.91,37936.89,-0.72,-1.9,37.78,37.225,36.816,65490.86,61045.86,58297.88,0.99,0
2013-12-12,37.13,38.95,38.34,37.01,62497.15,1.06,2.84,37.918,37.249,36.981,57460.76,62385.1,59300.09,1.63,0
2013-12-13,37.82,38.98,38.73,37.72,62163.6,0.39,1.02,38.06,37.336,37.122,52323.71,64139.2,59927.64,1.62,0
2013-12-16,38.79,39.46,39.18,38.2,70280.05,0.45,1.16,38.306,37.714,37.257,56385.02,63470.67,60720.75,1.83,0
2013-12-17,39.22,39.58,38.46,38.38,55648.18,-0.72,-1.84,38.398,37.964,37.375,57705.17,64111.51,61299.71,1.45,0
2013-12-18,38.46,38.9,37.3,37.3,51212.09,-1.16,-3.02,38.402,38.091,37.422,60360.21,62925.54,62220.95,1.33,0
2013-12-19,37.6,38.14,37.56,37.26,48252.35,0.26,0.7,38.246,38.082,37.523,57511.25,57486.01,61913.61,1.26,0
2013-12-20,37.6,37.85,36.55,36.3,41103.84,-1.01,-2.69,37.81,37.935,37.501,53299.3,52811.51,59380.65,1.07,0
2013-12-23,36.8,37.17,36.48,36.1,29543.63,-0.07,-0.19,37.27,37.788,37.498,45152.02,50768.52,58745.43,0.77,0
2013-12-24,36.4,37.2,37.0,36.4,39985.19,0.52,1.43,36.978,37.688,37.498,42019.42,49862.3,58064.47,1.04,0
2013-12-25,37.07,37.69,37.23,36.82,25841.83,0.23,0.62,36.964,37.683,37.454,36945.37,48652.79,54849.33,0.67,0
2013-12-26,37.23,37.45,36.1,36.0,33976.34,-1.13,-3.04,36.672,37.459,37.354,34090.17,45800.71,54092.9,0.88,0
2013-12-27,36.11,37.39,36.96,36.1,42831.25,0.86,2.38,36.754,37.282,37.309,34435.65,43867.48,54003.34,1.11,0
2013-12-30,37.09,37.69,37.5,36.98,45978.53,0.54,1.46,36.958,37.114,37.414,37722.63,41437.32,52454.0,1.2,0
2013-12-31,37.1,38.12,37.68,37.1,46718.22,0.18,0.48,37.094,37.036,37.5,39069.23,40544.33,52327.92,1.22,0
2014-01-02,37.68,38.05,37.97,37.2,53763.73,0.29,0.77,37.242,37.103,37.597,44653.61,40799.49,51862.51,1.4,0
2014-01-03,37.9,38.79,38.41,37.6,52345.17,0.44,1.16,37.704,37.188,37.635,48327.38,41208.77,49347.39,1.36,0
2014-01-06,38.35,39.2,38.0,37.6,58809.37,-0.41,-1.07,37.912,37.333,37.634,51523.0,42979.33,47895.42,1.53,0
2014-01-07,37.9,38.97,38.48,37.71,39963.04,0.48,1.26,38.108,37.533,37.661,50319.91,44021.27,47394.89,1.04,0
2014-01-08,38.5,39.56,39.54,38.49,69399.18,1.06,2.75,38.48,37.787,37.738,54856.1,46962.67,48412.48,1.81,0
2014-01-09,39.42,39.49,38.56,38.53,53816.8,-0.98,-2.48,38.598,37.92,37.802,54866.71,49760.16,49206.48,1.4,0
2014-01-10,38.7,38.81,37.01,37.01,56431.53,-1.55,-4.02,38.318,38.011,37.735,55683.98,52005.68,48903.2,1.47,0
2014-01-13,37.06,37.97,37.85,37.0,32760.74,0.84,2.27,38.288,38.1,37.691,50474.26,50998.63,47433.05,0.85,0
2014-01-14,37.99,38.5,38.18,37.61,25696.42,0.33,0.87,38.228,38.168,37.641,47620.93,48970.42,45203.87,0.67,0
2014-01-15,38.4,39.3,39.0,38.4,42813.0,0.82,2.15,38.12,38.3,37.668,42303.7,48579.9,44562.11,1.11,0
2014-01-16,39.17,39.17,38.0,37.99,43986.79,-1.0,-2.56,38.008,38.303,37.703,40337.7,47602.2,44200.85,1.14,0
2014-01-17,38.01,38.29,37.4,37.37,32427.1,-0.6,-1.58,38.086,38.202,37.695,35536.81,45610.4,43409.59,0.84,0
2014-01-20,37.44,37.98,37.01,36.7,30958.05,-0.39,-1.04,37.918,38.103,37.718,35176.27,42825.27,42902.3,0.81,0
2014-01-21,37.1,37.47,37.16,36.98,30966.11,0.15,0.41,37.714,37.971,37.752,36230.21,41925.57,42973.42,0.81,0
2014-01-22,37.45,38.1,38.04,37.07,38101.45,0.88,2.37,37.522,37.821,37.804,35287.9,38795.8,42879.23,0.99,0
2014-01-23,38.1,38.27,37.46,37.01,41436.52,-0.58,-1.52,37.414,37.711,37.816,34777.85,37557.77,43658.97,1.08,0
2014-01-24,37.45,38.8,38.6,37.4,61648.9,1.14,3.04,37.654,37.87,37.941,40622.21,38079.51,45042.6,1.6,0
2014-01-27,38.73,39.1,38.58,38.05,63881.31,-0.02,-0.05,37.968,37.943,38.022,47206.86,41191.56,46095.1,1.66,0
2014-01-28,39.7,40.68,40.2,39.12,132412.02,1.62,4.2,38.576,38.145,38.157,67496.04,51863.12,50416.77,3.45,0
2014-01-29,40.3,40.33,39.76,39.52,55746.67,-0.44,-1.09,38.92,38.221,38.261,71025.08,53156.49,50868.2,1.45,0
2014-01-30,39.92,40.45,38.65,38.51,47364.81,-1.11,-2.79,39.158,38.286,38.295,72210.74,53494.29,50548.25,1.23,0
2014-02-07,38.46,39.66,39.5,38.31,48154.95,0.85,2.2,39.338,38.496,38.349,69511.95,55067.08,50338.74,1.25,0
2014-02-10,40.3,43.45,43.45,40.3,110837.42,3.95,10.0,40.312,39.14,38.622,78903.17,63055.02,52940.14,2.88,0
2014-02-11,45.9,46.45,44.29,43.81,200754.19,0.84,1.93,41.13,39.853,38.912,92571.61,80033.82,60979.7,5.22,0
2014-02-12,44.2,46.23,45.26,43.5,130327.23,0.97,2.19,42.23,40.575,39.198,107487.72,89256.4,64026.1,3.39,0
2014-02-13,46.2,49.79,49.0,46.01,225216.84,3.74,8.26,44.3,41.729,39.72,143058.13,107634.43,72596.1,5.86,0
2014-02-14,48.0,50.2,48.43,47.48,132654.14,-0.57,-1.16,46.086,42.712,40.291,159957.96,114734.96,76407.23,3.45,0
2014-02-17,49.14,50.48,50.15,48.0,135797.17,1.72,3.55,47.426,43.869,40.906,164949.91,121926.54,81559.05,3.53,0
2014-02-18,49.8,49.8,47.94,47.45,123191.29,-2.21,-4.41,48.156,44.643,41.394,149437.33,121004.47,86433.8,3.21,0
2014-02-19,49.67,49.99,48.06,46.76,111926.78,0.12,0.25,48.716,45.473,41.847,145757.24,126622.48,89889.49,2.91,0
2014-02-20,47.26,49.02,47.99,47.26,104729.38,-0.07,-0.15,48.514,46.407,42.347,121659.75,132358.94,92926.62,2.73,0
2014-02-21,48.01,48.48,46.7,46.32,73410.11,-1.29,-2.69,48.168,47.127,42.812,109810.95,134884.45,94975.77,1.91,0
2014-02-24,46.01,49.15,48.71,45.59,95699.44,2.01,4.3,47.88,47.653,43.397,101791.4,133370.66,98212.84,2.49,0
2014-02-25,48.69,50.45,48.56,47.8,121966.32,-0.15,-0.31,48.004,48.08,43.967,101546.41,125491.87,102762.85,3.17,0
2014-02-26,50.0,53.42,53.42,49.99,249910.8,4.86,10.01,49.076,48.896,44.736,129143.21,137450.23,113353.31,6.5,0
2014-02-27,55.92,57.0,52.95,52.83,261737.97,-0.47,-0.88,50.068,49.291,45.51,160544.93,141102.34,124368.39,6.81,0
2014-02-28,53.28,57.88,56.91,51.51,221796.98,3.96,7.48,52.11,50.139,46.426,190222.3,150016.62,132375.79,5.77,0
2014-03-03,56.91,58.05,57.0,55.4,147360.09,0.09,0.16,53.768,50.824,47.347,200554.43,151172.92,136549.73,3.83,0
2014-03-04,55.85,56.99,56.48,55.3,80020.56,-0.52,-0.91,55.352,51.678,48.161,192165.28,146855.84,133930.16,2.08,0
2014-03-05,56.03,59.29,56.1,55.6,105949.58,-0.38,-0.67,55.888,52.482,48.978,163373.04,146258.12,136440.3,2.76,0
2014-03-06,55.01,55.78,55.1,53.5,81867.82,-1.0,-1.78,56.318,53.193,49.8,127399.01,143971.97,138165.45,2.13,0
2014-03-07,54.82,57.99,56.0,54.61,82384.04,0.9,1.63,56.136,54.123,50.625,99516.42,144869.36,139876.91,2.14,0
2014-03-10,55.0,57.59,54.75,54.0,81474.23,-1.25,-2.23,55.686,54.727,51.19,86339.25,143446.84,138408.75,2.12,0
2014-03-11,54.47,55.94,51.92,50.7,108357.22,-2.83,-5.17,54.774,55.063,51.572,92006.58,142085.93,133788.9,2.82,0
2014-03-12,51.5,52.68,50.63,49.3,90054.98,-1.29,-2.48,53.68,54.784,51.84,88827.66,126100.35,131775.29,2.34,0
2014-03-13,50.62,53.03,52.49,50.3,73948.52,1.86,3.67,53.158,54.738,52.015,87243.8,107321.4,124211.87,1.92,0
2014-03-14,52.0,52.05,50.23,49.84,78315.26,-2.26,-4.31,52.004,54.07,52.105,86430.04,92973.23,121494.93,2.04,0
2014-03-17,50.31,53.6,53.49,50.31,89672.52,3.26,6.49,51.752,53.719,52.272,88069.7,87204.47,119188.69,2.33,0
2014-03-18,53.45,54.92,53.15,52.98,64237.3,-0.34,-0.64,51.998,53.386,52.532,79245.72,85626.15,116241.0,1.67,0
2014-03-19,53.16,54.65,54.4,52.73,51444.48,1.25,2.35,52.752,53.216,52.849,71523.62,80175.64,113216.88,1.34,0
2014-03-20,52.39,53.0,50.42,49.98,113729.57,-3.98,-7.32,52.338,52.748,52.971,79479.83,83361.81,113666.89,2.96,0
2014-03-21,50.0,52.35,51.4,48.02,91096.74,0.98,1.94,52.572,52.288,53.206,82036.12,84233.08,114551.22,2.37,0
2014-03-24,51.99,51.99,49.95,49.7,54114.34,-1.45,-2.82,51.864,51.808,53.268,74924.49,81497.09,112471.97,1.41,0
2014-03-25,49.95,50.73,49.96,49.06,43803.0,0.01,0.02,51.226,51.612,53.338,70837.63,75041.67,108563.8,1.14,0
2014-03-26,50.5,51.92,51.2,49.96,57808.2,1.24,2.48,50.586,51.669,53.227,72110.37,71816.99,98958.67,1.5,0
2014-03-27,51.2,51.62,50.14,49.5,47332.16,-1.06,-2.07,50.53,51.434,53.086,58830.89,69155.36,88238.38,1.23,0
2014-03-28,50.0,50.31,49.1,48.89,34416.48,-1.04,-2.07,50.07,51.321,52.696,47494.84,64765.48,78869.35,0.9,0
2014-03-31,48.88,50.0,48.11,47.71,43180.71,-0.99,-2.02,49.702,50.783,52.251,45308.11,60116.3,73660.39,1.12,0
2014-04-01,48.1,49.1,48.5,48.08,22966.72,0.39,0.81,49.41,50.318,51.852,41140.85,55989.24,70807.69,0.6,0
2014-04-02,48.78,49.78,48.7,48.48,22990.58,0.2,0.41,48.91,49.748,51.482,34177.33,53143.85,66659.74,0.6,0
2014-04-03,49.25,49.85,48.95,48.78,24853.48,0.25,0.51,48.672,49.601,51.175,29681.59,44256.24,63809.03,0.65,0
2014-04-04,48.95,49.79,49.69,48.64,21077.1,0.74,1.51,48.79,49.43,50.859,27013.72,37254.28,60743.68,0.55,0
2014-04-08,49.03,49.84,49.69,48.5,31248.14,0.0,0.0,49.106,49.404,50.606,24627.2,34967.66,58232.38,0.81,0
2014-04-09,48.85,50.32,50.1,48.85,25336.98,0.41,0.82,49.426,49.418,50.515,25101.26,33121.06,54081.36,0.66,0
2014-04-10,50.12,51.63,51.0,49.4,54157.25,0.9,1.8,49.886,49.398,50.534,31334.59,32755.96,52286.48,1.41,0
2014-04-11,50.58,50.98,49.75,49.52,32434.48,-1.25,-2.45,50.046,49.359,50.397,32850.79,31266.19,50210.77,0.84,0
2014-04-14,49.8,50.76,50.07,49.65,21580.57,0.32,0.64,50.122,49.456,50.389,32951.48,29982.6,47374.04,0.56,0
2014-04-15,50.0,50.73,48.57,48.52,38564.2,-1.5,-3.0,49.898,49.502,50.143,34414.7,29520.95,44818.62,1.0,0
2014-04-16,48.5,49.1,48.78,48.34,22505.57,0.21,0.43,49.634,49.53,49.924,33848.41,29474.84,42732.04,0.59,0
2014-04-17,48.95,49.3,48.66,48.56,20692.28,-0.12,-0.25,49.166,49.526,49.637,27155.42,29245.0,41194.43,0.54,0
2014-04-18,48.51,49.4,49.28,48.19,25267.09,0.62,1.27,49.072,49.559,49.58,25721.94,29286.37,36771.3,0.66,0
2014-04-21,49.5,50.26,49.06,48.9,31506.92,-0.22,-0.45,48.87,49.496,49.463,27707.21,30329.35,33791.81,0.82,0
2014-04-22,49.1,49.58,47.99,47.0,43727.84,-1.07,-2.18,48.754,49.326,49.365,28739.94,31577.32,33272.49,1.14,0
2014-04-23,48.1,48.2,46.15,45.59,56388.86,-1.84,-3.83,48.228,48.931,49.175,35516.6,34682.51,33901.78,1.47,0
2014-04-24,45.84,46.33,45.26,45.0,30741.51,-0.89,-1.93,47.548,48.357,48.878,37526.44,32340.93,32548.45,0.8,0
2014-04-25,45.45,47.2,46.14,45.45,38860.94,0.88,1.94,46.92,47.996,48.678,40245.21,32983.58,32124.88,1.01,0
2014-04-28,46.18,46.99,46.25,45.5,29113.63,0.11,0.24,46.358,47.614,48.535,39766.56,33736.88,31859.74,0.76,0
2014-04-29,46.29,46.54,46.1,45.5,19168.6,-0.15,-0.32,45.98,47.367,48.435,34854.71,31797.32,30659.14,0.5,0
2014-04-30,46.4,46.7,46.22,46.11,13543.84,0.12,0.26,45.994,47.111,48.321,26285.7,30901.15,30187.99,0.35,0
2014-05-05,46.1,46.1,45.65,44.71,27640.32,-0.57,-1.23,46.072,46.81,48.168,25665.47,31595.96,30420.48,0.72,0
2014-05-06,45.65,46.43,45.9,45.65,21206.69,0.25,0.55,46.024,46.472,48.016,22134.62,31189.91,30238.14,0.55,0
2014-05-07,45.8,45.81,43.32,42.99,55856.62,-2.58,-5.62,45.438,45.898,47.697,27483.21,33624.88,31977.12,1.45,0
2014-05-08,43.0,43.65,42.07,41.15,62251.13,-1.25,-2.89,44.632,45.306,47.316,36099.72,35477.21,33527.27,1.62,0
2014-05-09,41.01,41.39,40.7,39.87,45762.48,-1.37,-3.26,43.528,44.761,46.846,42543.45,34414.58,34548.54,1.19,0
2014-05-12,40.82,42.2,41.83,40.8,36766.96,1.09,2.68,42.764,44.418,46.388,44368.78,35017.12,33679.03,0.96,0
2014-05-13,42.0,43.2,41.8,41.68,53108.71,-0.03,-0.07,41.944,43.984,45.99,50749.18,36441.9,34712.74,1.38,0
2014-05-14,41.82,42.4,42.01,41.52,16181.03,0.21,0.5,41.682,43.56,45.587,42814.06,35148.64,34442.76,0.42,0
2014-05-15,42.05,42.45,41.06,40.9,20415.43,-0.95,-2.26,41.48,43.056,45.212,34446.92,35273.32,33535.32,0.53,0
2014-05-16,40.8,41.53,40.97,40.8,15586.6,-0.09,-0.22,41.534,42.531,44.821,28411.75,35477.6,33189.37,0.41,0
2014-05-19,41.0,41.2,40.9,40.41,13221.74,-0.07,-0.17,41.348,42.056,44.433,23702.7,34035.74,32815.85,0.34,0
2014-05-20,41.1,41.64,40.69,40.51,18147.17,-0.21,-0.51,41.126,41.535,44.004,16710.39,33729.79,32459.85,0.47,0
2014-05-21,40.5,41.61,41.58,40.0,18362.19,0.89,2.19,41.04,41.361,43.63,17146.63,29980.34,31802.61,0.48,0
2014-05-22,41.6,43.22,42.16,41.59,39134.17,0.58,1.4,41.26,41.37,43.338,20890.37,27668.65,31572.93,1.02,0
2014-05-23,42.21,42.69,42.16,42.01,9197.31,0.0,0.0,41.498,41.516,43.139,19612.52,24012.13,29213.35,0.24,0
2014-05-26,44.45,46.38,46.38,44.3,122116.0,4.22,10.01,42.594,41.971,43.195,41391.37,32547.03,33782.08,3.18,0
2014-05-27,46.18,46.65,46.65,45.25,66330.26,0.27,0.58,43.786,42.456,43.22,51027.99,33869.19,35155.54,1.73,0
2014-05-28,46.64,48.9,47.8,46.25,97009.87,1.15,2.46,45.03,43.035,43.298,66757.52,41952.07,38550.36,2.52,0
2014-05-29,47.83,47.99,46.29,46.2,47464.46,-1.51,-3.16,45.856,43.558,43.307,68423.58,44656.98,39965.15,1.24,0
2014-05-30,46.18,48.09,46.68,45.6,61013.91,0.39,0.84,46.76,44.129,43.33,78786.9,49199.71,42338.65,1.59,0
2014-06-03,46.68,46.93,45.91,45.65,33226.72,-0.77,-1.65,46.666,44.63,43.343,61009.04,51200.21,42617.97,0.86,0
2014-06-04,45.9,45.91,44.69,44.38,34682.86,-1.22,-2.66,46.274,45.03,43.283,54679.56,52853.78,43291.78,0.9,0
2014-06-05,44.34,45.35,45.35,44.12,28052.75,0.66,1.48,45.784,45.407,43.384,40888.14,53822.83,41901.59,0.73,0
2014-06-06,45.32,46.31,46.07,45.17,39217.03,0.72,1.59,45.74,45.798,43.584,39238.65,53831.12,40749.88,1.02,0
2014-06-09,46.1,46.36,45.7,45.5,18917.4,-0.37,-0.8,45.544,46.152,43.834,30819.35,54803.13,39407.63,0.49,0
2014-06-10,45.72,46.16,45.64,44.5,37502.64,-0.06,-0.13,45.49,46.078,44.025,31674.54,46341.79,39444.41,0.98,0
2014-06-11,45.31,45.55,45.3,44.91,19576.4,-0.34,-0.74,45.612,45.943,44.2,28653.24,41666.4,37767.8,0.51,0
2014-06-12,45.3,46.13,45.14,45.06,33456.99,-0.16,-0.35,45.57,45.677,44.356,29734.09,35311.12,38631.6,0.87,0
2014-06-13,45.7,48.0,47.8,45.16,104806.45,2.66,5.89,45.916,45.828,44.693,42851.98,41045.32,42851.15,2.73,0
2014-06-16,47.58,47.97,47.15,46.6,60499.5,-0.65,-1.36,46.206,45.875,45.002,51168.4,40993.87,45096.79,1.57,0
2014-06-17,46.9,47.69,46.67,46.59,46524.7,-0.48,-1.02,46.412,45.951,45.29,52972.81,42323.67,46761.94,1.21,0
2014-06-18,46.75,47.37,47.0,46.6,36708.97,0.33,0.71,46.752,46.182,45.606,56399.32,42526.28,47690.03,0.96,0
2014-06-19,47.0,47.37,45.8,45.2,29173.85,-1.2,-2.55,46.884,46.227,45.817,55542.69,42638.39,48230.61,0.76,0
2014-06-20,46.3,47.24,46.6,45.5,45452.8,0.8,1.75,46.644,46.28,46.039,43671.96,43261.97,48546.54,1.18,0
2014-06-23,47.0,47.36,46.8,46.5,25603.61,0.2,0.43,46.574,46.39,46.271,36692.79,43930.59,49366.86,0.67,0
2014-06-24,47.45,48.6,48.46,46.95,79872.32,1.66,3.55,46.932,46.672,46.375,43362.31,48167.56,47254.67,2.08,0
2014-06-25,48.52,49.08,48.85,48.1,61967.85,0.39,0.81,47.302,47.027,46.485,48414.09,52406.7,47036.55,1.61,0
2014-06-26,48.55,50.0,49.5,48.25,49005.74,0.65,1.33,48.042,47.463,46.57,52380.46,53961.58,44636.35,1.28,0
2014-06-27,49.99,51.08,48.91,48.51,94201.95,-0.59,-1.19,48.504,47.574,46.701,62130.29,52901.13,46973.22,2.45,0
2014-06-30,47.99,48.25,47.49,46.4,86162.25,-1.42,-2.9,48.642,47.608,46.742,74242.02,55467.4,48230.64,1.24,0
2014-07-01,47.5,48.42,47.7,47.01,63513.75,0.21,0.44,48.49,47.711,46.831,70970.31,57166.31,49744.99,0.96,0
2014-07-02,47.47,48.17,47.9,47.13,41099.41,0.2,0.42,48.3,47.801,46.992,66796.62,57605.35,50065.82,0.62,0
2014-07-03,47.95,49.49,48.85,47.5,87857.4,0.95,1.98,48.17,48.106,47.167,74566.95,63473.71,53056.05,1.33,0
2014-07-04,48.93,49.1,48.29,48.29,49950.92,-0.56,-1.15,48.046,48.275,47.278,65716.75,63923.52,53592.75,0.76,0
2014-07-07,48.39,48.8,47.75,47.6,42012.52,-0.54,-1.12,48.098,48.37,47.38,56886.8,65564.41,54747.5,0.64,0
2014-07-08,47.73,49.46,49.23,47.73,103291.39,1.48,3.1,48.404,48.447,47.56,64842.33,67906.32,58036.94,1.57,0
2014-07-09,49.22,49.25,47.96,47.59,73689.69,-1.27,-2.58,48.416,48.358,47.692,71360.38,69078.5,60742.6,1.12,0
2014-07-10,49.0,49.45,46.59,46.58,137175.23,-1.37,-2.86,47.964,48.067,47.765,81223.95,77895.45,65928.51,2.08,0
2014-07-11,45.89,47.0,46.91,44.5,89035.76,0.32,0.69,47.688,47.867,47.721,89040.92,77378.83,65139.98,1.35,0
2014-07-14,47.5,49.5,48.74,47.48,115634.55,1.83,3.9,47.886,47.992,47.8,103765.32,80326.06,67896.73,1.75,0
2014-07-15,48.69,48.69,47.71,47.33,68858.58,-1.03,-2.11,47.582,47.993,47.852,96878.76,80860.55,69013.43,1.04,0
2014-07-16,47.68,48.3,47.1,46.8,40425.21,-0.61,-1.28,47.41,47.913,47.857,90225.87,80793.13,69199.24,0.61,0
2014-07-17,47.6,47.64,46.49,46.3,35236.87,-0.61,-1.29,47.39,47.677,47.892,69838.19,75531.07,69502.39,0.53,0
2014-07-18,46.52,46.91,46.36,46.27,30669.34,-0.13,-0.28,47.28,47.484,47.88,58164.91,73602.91,68763.22,0.46,0
2014-07-21,46.36,46.5,46.03,45.91,38701.51,-0.33,-0.71,46.738,47.312,47.841,42778.3,73271.81,69418.11,0.59,0
2014-07-22,46.39,49.25,48.6,46.3,124710.01,2.57,5.58,46.916,47.249,47.848,53948.59,75413.68,71660.0,1.89,0
2014-07-23,48.2,48.49,47.7,47.2,53186.7,-0.9,-1.85,47.036,47.223,47.791,56500.89,73363.38,71220.94,0.81,0
2014-07-24,47.9,48.22,47.71,46.79,39677.05,0.01,0.02,47.28,47.335,47.701,57388.92,63613.56,70754.5,0.6,0
2014-07-25,47.8,48.58,48.43,47.8,48531.61,0.72,1.51,47.694,47.487,47.677,60961.38,59563.14,68470.99,0.74,0
2014-07-28,48.65,49.4,49.07,48.65,69013.26,0.64,1.32,48.302,47.52,47.756,67023.73,54901.01,67613.54,1.05,0
2014-07-29,49.1,52.7,51.41,48.55,125138.46,2.34,4.77,48.864,47.89,47.942,67109.42,60529.0,70694.77,1.9,0
2014-07-30,51.51,52.45,51.39,50.85,72718.73,-0.02,-0.04,49.602,48.319,48.116,71015.82,63758.35,72275.74,1.1,0
2014-07-31,51.45,51.86,50.71,50.5,50825.13,-0.68,-1.32,50.202,48.741,48.209,73245.44,65317.18,70424.13,0.77,0
2014-08-01,50.88,51.2,49.69,49.69,49990.75,-1.02,-2.01,50.454,49.074,48.279,73537.27,67249.32,70426.12,0.76,0
2014-08-04,49.99,51.49,51.47,49.8,51804.92,1.78,3.58,50.934,49.618,48.465,70095.6,68559.66,70915.74,0.79,0
2014-08-05,51.48,51.8,51.39,50.39,35296.32,-0.08,-0.15,50.93,49.897,48.573,52127.17,59618.29,67515.98,0.54,0
2014-08-06,50.8,52.5,52.5,50.6,71172.26,1.11,2.16,51.152,50.377,48.8,51817.88,61416.85,67390.11,1.08,0
2014-08-07,52.68,53.66,51.3,51.29,62287.05,-1.2,-2.29,51.27,50.736,49.036,54110.26,63677.85,63645.7,0.94,0
2014-08-08,51.5,52.28,51.45,51.22,33868.74,0.15,0.29,51.622,51.038,49.263,50885.86,62211.56,60887.35,0.51,0
2014-08-11,51.3,52.6,51.9,51.08,34470.63,0.45,0.88,51.708,51.321,49.421,47419.0,58757.3,56829.16,0.52,0
2014-08-12,51.85,52.19,51.59,51.27,37074.96,-0.31,-0.6,51.748,51.339,49.615,47774.73,49950.95,55239.98,0.56,0
2014-08-13,51.85,52.19,51.21,50.54,40772.09,-0.33,-0.64,51.49,51.321,49.82,41694.69,46756.29,55257.32,0.62,0
2014-08-14,50.9,51.9,51.55,50.65,39605.21,0.34,0.66,51.54,51.405,50.073,37158.33,45634.29,55475.74,0.6,0
2014-08-15,51.5,51.94,51.6,51.01,32477.48,0.05,0.1,51.57,51.596,50.335,36880.07,43882.97,55566.14,0.49,0
2014-08-18,51.62,52.25,51.5,51.31,33620.01,-0.1,-0.19,51.49,51.599,50.609,36709.95,42064.48,55312.07,0.51,0
2014-08-19,51.5,52.09,51.35,51.1,36451.13,-0.15,-0.29,51.442,51.595,50.746,36585.18,42179.96,50899.12,0.55,0
2014-08-20,51.18,51.18,50.6,50.24,38910.18,-0.75,-1.46,51.32,51.405,50.891,36212.8,38953.75,50185.3,0.59,0
2014-08-21,50.61,50.97,50.95,49.99,33797.34,0.35,0.69,51.2,51.37,51.053,35051.23,36104.78,49891.31,0.51,0
2014-08-22,50.9,50.9,49.98,49.83,43729.6,-0.97,-1.9,50.876,51.223,51.131,37301.65,37090.86,49651.21,0.66,0
2014-08-25,49.0,50.14,49.87,48.4,58067.62,-0.11,-0.22,50.55,51.02,51.171,42191.17,39450.56,49103.93,0.88,0
2014-08-26,49.72,49.94,49.35,48.94,26003.9,-0.52,-1.04,50.15,50.796,51.068,40101.73,38343.46,44147.2,0.39,0
2014-08-27,49.5,50.58,50.33,49.49,43652.97,0.98,1.99,50.096,50.708,51.015,41050.29,38631.54,42693.91,0.66,0
2014-08-28,50.32,50.33,49.24,49.09,25672.52,-1.09,-2.17,49.754,50.477,50.941,39425.32,37238.28,41436.28,0.39,0
2014-08-29,49.65,50.66,50.55,49.4,36934.03,1.31,2.66,49.868,50.372,50.984,38066.21,37683.93,40783.45,0.56,0
2014-09-01,51.0,51.55,51.09,50.56,48679.29,0.54,1.07,50.112,50.331,50.965,36188.54,39189.86,40627.17,0.74,0
2014-09-02,51.1,51.3,51.3,50.81,51910.24,0.21,0.41,50.502,50.326,50.961,41369.81,40735.77,41457.86,0.79,0
2014-09-03,51.5,51.88,51.76,51.48,54860.01,0.46,0.9,50.788,50.442,50.924,43611.22,42330.75,40642.25,0.83,0
2014-09-04,51.85,52.14,51.61,51.38,34054.06,-0.15,-0.29,51.262,50.508,50.939,45287.53,42356.42,39230.6,0.52,0
2014-09-05,51.75,51.94,51.75,51.19,34638.16,0.14,0.27,51.502,50.685,50.954,44828.35,41447.28,39269.07,0.53,0
2014-09-09,51.81,54.29,54.13,51.79,105487.99,2.38,4.6,52.11,51.111,51.066,56190.09,46189.32,42819.94,1.6,0
2014-09-10,53.38,53.98,53.66,53.06,62156.5,-0.47,-0.87,52.582,51.542,51.169,58239.34,49804.58,44074.02,0.94,0
2014-09-11,53.65,53.65,52.11,52.0,47561.39,-1.55,-2.89,52.652,51.72,51.214,56779.62,50195.42,44413.48,0.72,0
2014-09-12,52.55,52.64,51.9,51.46,39677.74,-0.21,-0.4,52.71,51.986,51.232,57904.36,51595.94,44417.11,0.6,0
2014-09-15,51.5,51.99,51.6,51.39,30795.73,-0.3,-0.58,52.68,52.091,51.232,57135.87,50982.11,44333.02,0.47,0
2014-09-16,51.48,51.49,49.98,49.95,53350.99,-1.62,-3.14,51.85,51.98,51.156,46708.47,51449.28,45319.57,0.81,0
2014-09-17,50.28,50.86,50.26,49.45,41954.36,0.28,0.56,51.17,51.876,51.101,42668.04,50453.69,45594.73,0.64,0
2014-09-18,49.87,50.4,49.91,49.61,29476.67,-0.35,-0.7,50.73,51.691,51.067,39051.1,47915.36,45123.06,0.45,0
2014-09-19,49.91,50.24,50.0,49.85,30537.34,0.09,0.18,50.35,51.53,51.019,37223.02,47563.69,44960.06,0.46,0
2014-09-22,49.96,50.02,48.45,48.1,37467.36,-1.55,-3.1,49.72,51.2,50.943,38557.34,47846.61,44646.94,0.57,0
2014-09-23,48.4,49.06,48.85,48.3,30307.25,0.4,0.83,49.494,50.672,50.892,33948.6,40328.53,43258.93,0.46,0
2014-09-24,48.98,49.7,49.54,48.52,50304.95,0.69,1.41,49.35,50.26,50.901,35618.71,39143.38,44473.98,0.76,0
2014-09-25,49.99,50.08,49.04,48.89,46778.81,-0.5,-1.01,49.176,49.953,50.837,39079.14,39065.12,44630.27,0.71,0
2014-09-26,49.05,49.33,48.88,48.68,25729.69,-0.16,-0.33,48.952,49.651,50.819,38117.61,37670.31,44633.13,0.39,0
2014-09-29,48.89,49.7,49.05,48.89,43785.62,0.17,0.35,49.072,49.396,50.744,39381.26,38969.3,44975.71,0.66,0
2014-09-30,49.15,49.39,48.83,48.7,35292.31,-0.22,-0.45,49.068,49.281,50.631,40378.28,37163.44,44306.36,0.53,0
2014-10-08,48.88,49.49,49.45,48.75,45329.47,0.62,1.27,49.05,49.2,50.538,39383.18,37500.95,43977.32,0.69,0
2014-10-09,49.55,50.86,50.32,49.53,77747.14,0.87,1.76,49.306,49.241,50.466,45576.85,42327.99,45121.68,1.18,0
2014-10-10,50.32,50.32,49.5,49.45,47902.76,-0.82,-1.63,49.43,49.191,50.361,50011.46,44064.54,45814.11,0.73,0
2014-10-13,49.5,49.51,49.08,48.34,42344.07,-0.42,-0.85,49.436,49.254,50.227,49723.15,44552.21,46199.41,0.64,0
2014-10-14,49.25,49.3,48.25,48.1,49805.92,-0.83,-1.69,49.32,49.194,49.933,52625.87,46502.07,43415.3,0.75,0
2014-10-15,48.26,48.47,48.35,47.58,43520.55,0.1,0.21,49.1,49.075,49.668,52264.09,45823.63,42483.51,0.66,0
2014-10-16,48.1,48.42,47.93,47.62,42323.03,-0.42,-0.87,48.622,48.964,49.459,45179.27,45378.06,42221.59,0.64,0
2014-10-17,48.0,48.4,47.87,47.4,45701.45,-0.06,-0.12,48.296,48.863,49.257,44739.0,47375.23,42522.77,0.69,0
2014-10-20,47.83,48.54,48.2,47.76,36596.49,0.33,0.69,48.12,48.778,49.087,43589.49,46656.32,42812.81,0.55,0
2014-10-21,48.21,48.43,47.31,47.3,38393.76,-0.89,-1.85,47.932,48.626,48.954,41307.06,46966.46,42064.95,0.58,0
2014-10-22,47.3,47.9,47.3,47.2,33378.81,-0.01,-0.02,47.722,48.411,48.806,39278.71,45771.4,41636.17,0.51,0
2014-10-23,47.3,47.78,47.3,47.1,26058.22,0.0,0.0,47.596,48.109,48.675,36025.75,40602.51,41465.25,0.39,0
2014-10-24,47.36,47.85,47.41,47.3,24240.89,0.11,0.23,47.504,47.9,48.546,31733.63,38236.32,41150.43,0.37,0
2014-10-27,47.39,47.68,46.76,46.2,36263.26,-0.65,-1.37,47.216,47.668,48.461,31666.99,37628.24,41090.22,0.55,0
2014-10-28,46.76,47.6,47.38,46.7,42265.49,0.62,1.33,47.23,47.581,48.388,32441.33,36874.2,41688.13,0.64,0
2014-10-29,47.43,48.23,48.1,47.42,52268.58,0.72,1.52,47.39,47.556,48.316,36219.29,37749.0,41786.32,0.79,0
2014-10-30,48.2,48.66,47.33,47.3,69116.77,-0.77,-1.6,47.396,47.496,48.23,44831.0,40428.37,42903.21,1.05,0
2014-10-31,47.17,47.18,46.97,46.34,50544.21,-0.36,-0.76,47.308,47.406,48.135,50091.66,40912.65,44143.94,0.77,0
2014-11-03,46.96,46.96,46.18,46.0,59168.46,-0.79,-1.68,47.192,47.204,47.991,54672.7,43169.85,44913.08,0.9,0
2014-11-04,46.2,46.56,46.34,46.17,27857.0,0.16,0.35,46.984,47.107,47.867,51791.0,42116.17,44541.32,0.42,0
2014-11-05,46.3,46.3,46.01,45.97,25878.13,-0.33,-0.71,46.566,46.978,47.695,46512.91,41366.1,43568.75,0.39,0
2014-11-06,45.92,46.29,46.15,45.85,23658.71,0.14,0.3,46.33,46.863,47.486,37421.3,41126.15,40864.33,0.36,0
2014-11-07,46.18,46.48,46.08,45.9,33179.61,-0.07,-0.15,46.152,46.73,47.315,33948.38,42020.02,40128.17,0.5,0
2014-11-10,46.1,46.55,46.54,45.96,42755.66,0.46,1.0,46.224,46.708,47.188,30665.82,42669.26,40148.75,0.65,0
2014-11-11,46.6,46.65,44.63,44.5,60778.51,-1.91,-4.1,45.882,46.433,47.007,37250.12,44520.56,40697.38,0.92,0
2014-11-12,44.5,44.86,43.9,42.99,58654.14,-0.73,-1.64,45.46,46.013,46.785,43805.33,45159.12,41454.06,0.89,0
2014-11-13,43.71,43.84,42.9,42.25,67810.62,-1.0,-2.28,44.81,45.57,46.533,52635.71,45028.51,42728.44,1.03,0
2014-11-14,42.9,44.95,44.19,42.38,60820.76,1.29,3.01,44.432,45.292,46.349,58163.94,46056.16,43484.4,0.92,0
2014-11-17,43.8,44.8,44.01,43.66,43588.78,-0.18,-0.41,43.926,45.075,46.14,58330.56,44498.19,43834.02,0.66,0
2014-11-18,44.0,44.0,42.83,42.6,43170.93,-1.18,-2.68,43.566,44.724,45.916,54809.05,46029.59,44072.88,0.65,0
2014-11-19,42.7,43.45,42.8,42.47,43144.41,-0.03,-0.07,43.346,44.403,45.691,51707.1,47756.21,44561.16,0.65,0
2014-11-20,42.72,43.2,42.6,42.36,34150.77,-0.2,-0.47,43.286,44.048,45.456,44975.13,48805.42,44965.78,0.52,0
2014-11-21,42.78,42.89,42.82,42.51,33391.77,0.22,0.52,43.012,43.722,45.226,39489.33,48826.64,45423.33,0.51,0
2014-11-24,43.34,43.97,43.85,42.91,63556.31,1.03,2.4,42.98,43.453,45.081,43482.84,50906.7,46787.98,0.96,0
2014-11-25,43.95,44.75,44.03,43.7,64009.71,0.18,0.41,43.22,43.393,44.913,47650.59,51229.82,47875.19,0.97,0
2014-11-26,44.25,45.1,44.51,44.25,68487.53,0.48,1.09,43.562,43.454,44.734,52719.22,52213.16,48686.14,1.04,0
2014-11-27,44.55,44.73,43.99,43.8,74294.65,-0.52,-1.17,43.84,43.563,44.567,60747.99,52861.56,48945.03,1.13,0
2014-11-28,43.7,43.72,43.3,42.88,63553.59,-0.69,-1.57,43.936,43.474,44.383,66780.36,53134.84,49595.5,0.96,0
2014-12-01,43.3,44.15,43.4,43.0,52345.73,0.1,0.23,43.846,43.413,44.244,64538.24,54010.54,49254.37,0.79,0
2014-12-02,43.4,43.83,43.52,43.12,62345.39,0.12,0.28,43.744,43.482,44.103,64205.38,55927.99,50978.79,0.95,0
2014-12-03,43.68,43.69,43.15,42.68,124525.33,-0.37,-0.85,43.472,43.517,43.96,75412.94,64066.08,55911.15,1.89,0
2014-12-04,43.19,44.85,44.58,43.19,175551.64,1.43,3.31,43.59,43.715,43.882,95664.34,78206.17,63505.79,2.66,0
2014-12-05,44.66,44.73,43.36,43.0,128937.93,-1.22,-2.74,43.602,43.769,43.746,108741.2,87760.78,68293.71,1.95,0
2014-12-08,43.0,43.18,41.96,41.7,163034.31,-1.4,-3.23,43.314,43.58,43.517,130878.92,97708.58,74307.64,2.47,0
2014-12-09,41.85,41.85,39.66,39.53,183163.97,-2.3,-5.48,42.542,43.143,43.268,155042.64,109624.01,80426.91,2.78,0
2014-12-10,39.88,40.4,40.25,39.48,159386.81,0.59,1.49,41.962,42.717,43.086,162014.93,118713.94,85463.55,2.42,0
2014-12-11,40.02,40.25,40.16,39.53,81294.74,-0.09,-0.22,41.078,42.334,42.949,143163.55,119413.94,86137.75,1.23,0
2014-12-12,40.14,43.0,42.28,39.9,186347.36,2.12,5.28,40.862,42.232,42.853,154645.44,131693.32,92414.08,2.82,0
2014-12-15,42.42,42.63,42.18,41.09,85177.87,-0.1,-0.24,40.906,42.11,42.762,139074.15,134976.53,94493.54,1.29,0
2014-12-16,42.12,42.19,41.72,41.39,105280.03,-0.46,-1.09,41.318,41.93,42.706,123497.36,139270.0,97598.99,1.6,0
2014-12-17,41.42,41.48,40.48,40.02,105079.5,-1.24,-2.97,41.364,41.663,42.59,112635.9,137325.42,100695.75,1.59,0
2014-12-18,40.71,41.48,36.43,36.43,349596.22,-4.05,-10.01,40.618,40.848,42.282,166296.2,154729.87,116468.02,5.3,0
2014-12-19,36.7,39.0,37.47,36.7,285312.53,1.04,2.85,39.656,40.259,42.014,186089.23,170367.33,129064.06,4.32,0
2014-12-22,37.2,37.21,34.81,33.8,160885.42,-2.66,-7.1,38.182,39.544,41.562,201230.74,170152.45,133930.51,2.44,0
2014-12-23,34.75,36.0,35.16,34.54,106431.55,0.35,1.0,36.87,39.094,41.119,201461.04,162479.2,136051.61,1.61,0
2014-12-24,35.36,36.94,36.68,34.85,134518.09,1.52,4.32,36.11,38.737,40.727,207348.76,159992.33,139353.13,2.04,0
2014-12-25,37.06,37.99,37.15,36.5,120622.61,0.47,1.28,36.254,38.436,40.385,161554.04,163925.12,141669.53,1.83,0
2014-12-26,37.14,37.14,36.76,36.22,90435.72,-0.39,-1.05,36.112,37.884,40.058,122578.68,154333.95,143013.64,1.37,0
2014-12-29,36.8,37.29,36.5,36.03,91185.36,-0.26,-0.71,36.45,37.316,39.713,108638.67,154934.7,144955.62,1.38,0
2014-12-30,37.99,39.23,38.06,37.45,169037.28,1.56,4.27,37.03,36.95,39.44,121159.81,161310.43,150290.21,2.56,0
2014-12-31,38.07,38.84,38.15,37.51,106964.32,0.09,0.24,37.324,36.717,39.19,115649.06,161498.91,149412.16,1.51,0
2015-01-05,38.3,41.1,40.26,37.75,192148.92,2.11,5.53,37.946,37.1,38.974,129954.32,145754.18,150242.03,2.72,0
2015-01-06,39.38,41.45,40.33,39.05,138890.67,0.07,0.17,38.66,37.386,38.823,139645.31,131111.99,150739.66,1.97,0
2015-01-07,40.25,40.25,38.94,38.9,111673.98,-1.39,-3.45,39.148,37.799,38.672,143743.03,126190.85,148171.65,1.58,0
2015-01-08,38.93,39.2,38.51,38.38,68917.85,-0.43,-1.1,39.238,38.134,38.614,123719.15,122439.48,142459.34,0.98,0
2015-01-09,38.54,39.5,38.44,38.35,85150.94,-0.07,-0.18,39.296,38.31,38.524,119356.47,117502.77,138747.55,1.21,0
2015-01-12,38.48,40.33,39.48,38.48,113488.54,1.04,2.71,39.14,38.543,38.49,103624.4,116789.36,140357.24,1.61,0
2015-01-13,40.0,40.89,40.32,39.5,133270.84,0.84,2.13,39.138,38.899,38.392,102500.43,121072.87,137703.41,1.89,0
2015-01-14,40.3,40.7,39.48,39.0,69894.17,-0.84,-2.08,39.246,39.197,38.257,94144.47,118943.75,136939.23,0.99,0
2015-01-15,39.6,39.88,39.08,38.58,59575.5,-0.4,-1.01,39.36,39.299,38.125,92276.0,107997.57,134654.0,0.84,0
2015-01-16,39.11,39.68,39.57,38.79,72732.3,0.49,1.25,39.586,39.441,38.079,89792.27,104574.37,133036.64,1.03,0
2015-01-19,39.42,40.43,38.31,37.79,108004.47,-1.26,-3.18,39.352,39.246,38.173,88695.46,96159.93,120957.05,1.53,0
2015-01-20,38.44,39.35,38.95,38.28,87504.57,0.64,1.67,39.078,39.108,38.247,79542.2,91021.32,111066.66,1.24,0
2015-01-21,39.09,39.78,39.48,38.95,92543.67,0.53,1.36,39.078,39.162,38.481,84072.1,89108.29,107649.57,1.31,0
2015-01-22,39.65,39.95,39.81,39.2,95294.65,0.33,0.84,39.224,39.292,38.713,91215.93,91745.97,107092.72,1.35,0
2015-01-23,39.95,40.96,40.11,39.88,141481.45,0.3,0.75,39.332,39.459,38.885,104965.76,97379.02,107440.89,2.0,0
2015-01-26,40.3,40.8,40.1,39.56,95294.17,-0.01,-0.03,39.69,39.521,39.032,102423.7,95559.58,106174.47,1.35,0
2015-01-27,40.1,40.4,40.0,39.6,106373.39,-0.1,-0.25,39.9,39.489,39.194,106197.47,92869.83,106971.35,1.51,0
2015-01-28,40.21,40.9,40.4,39.88,108933.55,0.4,1.0,40.084,39.581,39.389,109475.44,96773.77,107858.76,1.54,0
2015-01-29,40.54,40.59,39.76,39.42,92448.37,-0.64,-1.58,40.074,39.649,39.474,108906.19,100061.06,104029.32,1.31,0
2015-01-30,39.7,39.98,38.26,38.25,101893.46,-1.5,-3.77,39.704,39.518,39.48,100988.59,102977.18,103775.77,1.44,0
2015-02-02,38.0,38.91,38.47,37.5,52506.15,0.21,0.55,39.378,39.534,39.39,92430.98,97427.34,96793.63,0.74,0
2015-02-03,39.19,39.3,38.73,38.61,58742.92,0.26,0.68,39.124,39.512,39.31,82904.89,94551.18,92786.25,0.83,0
2015-02-04,39.35,39.35,38.27,38.0,91584.83,-0.46,-1.19,38.698,39.391,39.277,79435.15,94455.29,91781.79,1.3,0
2015-02-05,38.33,38.52,37.73,37.7,69629.99,-0.54,-1.41,38.292,39.183,39.238,74871.47,91888.83,91817.4,0.99,0
2015-02-06,37.99,38.12,36.23,35.91,109645.33,-1.5,-3.98,37.886,38.795,39.127,76421.84,88705.22,93042.12,1.55,0
2015-02-09,36.36,36.59,36.23,36.03,48008.13,0.0,0.0,37.438,38.408,38.965,75522.24,83976.61,89768.1,0.68,0
2015-02-10,36.49,37.32,37.14,36.11,59569.94,0.91,2.51,37.12,38.122,38.806,75687.64,79296.27,86083.05,0.84,0
2015-02-11,36.8,37.34,36.61,36.46,71370.68,-0.53,-1.43,36.788,37.743,38.662,71644.81,75539.98,86156.88,1.01,0
2015-02-12,36.65,37.97,37.88,36.45,102848.68,1.27,3.47,36.818,37.555,38.602,78288.55,76580.01,88320.53,1.46,0
2015-02-13,38.49,41.67,41.67,38.06,369387.34,3.79,10.01,37.906,37.896,38.707,130236.95,103329.4,103153.29,5.23,0
2015-02-16,43.86,45.84,45.84,43.58,377527.5,4.17,10.01,39.828,38.633,39.084,196140.83,135831.53,116629.44,5.35,0
2015-02-17,48.8,50.42,50.42,45.84,350387.94,4.58,9.99,42.484,39.802,39.657,254304.43,164996.04,129773.61,4.96,0
2015-02-24,50.42,52.88,50.5,50.18,3413.88,0.08,0.16,45.262,41.025,40.208,240713.07,156178.94,125317.12,0.05,0
2015-02-25,52.5,52.55,49.89,49.37,508310.84,-0.53,-1.05,47.664,42.241,40.712,321805.5,200047.03,145967.93,7.2,0
2015-02-26,49.89,50.8,49.28,48.27,330742.81,-0.61,-1.22,49.186,43.546,41.171,314076.59,222156.77,155431.0,4.68,0
2015-02-27,48.95,50.8,50.58,48.1,368404.12,1.3,2.64,50.134,44.981,41.695,312251.92,254196.37,169086.49,5.22,0
2015-03-02,52.1,55.64,51.78,51.3,502599.47,1.2,2.37,50.406,46.445,42.284,342694.22,298499.33,188897.8,7.12,0
2015-03-03,51.0,54.68,51.36,50.53,328627.0,-0.42,-0.81,50.578,47.92,42.832,407736.85,324224.96,199882.47,4.65,0
2015-03-04,51.0,53.88,51.99,50.36,298976.66,0.63,1.23,50.998,49.331,43.443,365870.01,343837.76,210208.88,4.23,0
2015-03-05,51.5,57.19,57.19,51.39,372516.22,5.2,10.0,52.58,50.883,44.39,374224.69,344150.64,223740.02,5.28,0
2015-03-06,59.15,59.6,52.3,51.8,514540.69,-4.89,-8.55,52.924,51.529,45.081,403452.01,357851.96,246841.75,7.29,0
2015-03-09,50.5,52.0,51.2,49.08,259237.02,-1.1,-2.1,52.808,51.607,45.705,354779.52,348736.87,256866.45,3.67,0
2015-03-10,51.1,52.88,51.2,50.7,215636.0,0.0,0.0,52.776,51.677,46.351,332181.32,369959.08,263069.01,3.05,0
2015-03-11,50.6,51.5,50.0,49.58,188309.45,-1.2,-2.34,52.378,51.688,46.965,310047.88,337958.94,269002.99,2.67,0
2015-03-12,50.58,50.58,49.12,48.3,193814.81,-0.88,-1.76,50.764,51.672,47.609,274307.59,324266.14,273211.46,2.74,0
2015-03-13,49.5,50.35,49.98,48.8,175096.17,0.86,1.75,50.3,51.612,48.297,206418.69,304935.35,279565.86,2.48,0
2015-03-16,50.54,51.49,51.14,50.01,201114.94,1.16,2.32,50.288,51.548,48.997,194794.27,274786.9,286643.11,2.85,0
2015-03-17,51.3,52.66,51.5,50.48,223454.5,0.36,0.7,50.348,51.562,49.741,196357.97,264269.65,294247.3,3.16,0
2015-03-18,51.5,53.99,53.35,51.01,269895.59,1.85,3.59,51.018,51.698,50.515,212675.2,261361.54,302599.65,3.82,0
2015-03-19,53.35,55.79,53.88,53.1,262972.75,0.53,0.99,51.97,51.367,51.125,226506.79,250407.19,297278.92,3.72,0
2015-03-20,53.0,53.62,52.8,52.0,218475.52,-1.08,-2.0,52.534,51.417,51.473,235182.66,220800.68,289326.32,3.09,0
2015-03-23,52.79,53.33,53.11,52.48,196598.97,0.31,0.59,52.928,51.608,51.608,234279.47,214536.87,281636.87,2.78,0
2015-03-24,53.15,54.88,53.4,51.91,278551.16,0.29,0.55,53.308,51.828,51.753,245298.8,220828.39,295393.73,3.94,0
2015-03-25,53.2,53.68,52.19,51.95,213325.17,-1.21,-2.27,53.076,52.047,51.868,233984.71,223329.96,280644.45,3.02,0
2015-03-26,52.38,55.0,54.22,52.01,295858.12,2.03,3.89,53.144,52.557,52.115,240561.79,233534.29,278900.22,4.19,0
2015-03-27,54.48,54.48,52.85,51.9,195416.05,-1.37,-2.53,53.154,52.844,52.228,235949.89,235566.28,270250.81,2.77,0
2015-03-30,53.05,53.6,52.71,52.3,184939.62,-0.14,-0.27,53.074,53.001,52.275,233618.02,233948.75,254367.82,2.62,0
2015-03-31,52.73,53.68,52.4,52.27,187404.91,-0.31,-0.59,52.874,53.091,52.327,215388.77,230343.79,247306.72,2.65,0
2015-04-01,54.0,57.64,57.64,54.0,336530.25,5.24,10.0,53.964,53.52,52.609,240029.79,237007.25,249184.4,4.77,0
2015-04-02,60.0,62.44,59.84,57.55,468449.34,2.2,3.82,55.088,54.116,52.742,274548.03,257554.91,253981.05,6.63,0
2015-04-03,59.06,61.75,61.35,58.03,308114.12,1.51,2.52,56.788,54.971,53.194,297087.65,266518.77,243659.72,4.36,0
2015-04-07,61.36,61.58,60.39,59.7,193108.94,-0.96,-1.56,58.324,55.699,53.654,298721.51,266169.77,240353.32,2.73,0
2015-04-08,60.37,60.88,57.88,56.85,221233.44,-2.51,-4.16,59.42,56.147,53.988,305487.22,260438.0,240633.19,3.13,0
2015-04-09,57.7,57.7,56.0,53.36,224859.84,-1.88,-3.25,59.092,56.528,54.287,283153.14,261591.46,242460.71,3.18,0
2015-04-10,56.68,57.95,56.9,56.58,159684.8,0.9,1.61,58.504,56.796,54.677,221400.23,247974.13,240754.21,2.26,0
2015-04-13,56.9,59.2,59.2,55.5,215657.7,2.3,4.04,58.074,57.431,55.138,202908.94,249998.3,242782.29,3.05,0
2015-04-14,58.88,59.1,57.05,56.98,160445.19,-2.15,-3.63,57.406,57.865,55.433,196376.19,247548.85,240748.8,2.27,0
2015-04-15,56.05,56.97,56.0,55.45,128143.42,-1.05,-1.84,57.03,58.225,55.658,177758.19,241622.7,235983.25,1.81,0
2015-04-16,55.86,58.28,57.7,55.44,150818.69,1.7,3.04,57.37,58.231,55.876,162949.96,223051.55,230029.4,2.14,0
2015-04-17,58.62,58.99,57.15,57.0,163225.91,-0.55,-0.95,57.42,57.962,56.039,163658.18,192529.21,225042.06,2.31,0
2015-04-20,56.58,56.58,54.8,54.7,169069.2,-2.35,-4.11,56.54,57.307,56.139,154340.48,178624.71,222571.74,2.39,0
2015-04-21,54.81,56.49,56.11,54.81,127653.27,1.31,2.39,56.352,56.879,56.289,147782.1,172079.15,219124.46,1.81,0
2015-04-22,56.5,58.78,57.25,56.3,155827.88,1.14,2.03,56.602,56.816,56.482,153318.99,165538.59,212988.29,2.21,0
2015-04-23,58.0,62.98,62.98,58.0,440926.12,5.73,10.01,57.658,57.514,57.021,211340.48,187145.22,224368.34,6.24,0
2015-04-24,0.0,0.0,0.0,0.0,0.0,0.0,0.0,0.0,0.0,0.0,0.0,0.0,0.0,0.0,1
2015-04-27,0.0,0.0,0.0,0.0,0.0,0.0,0.0,0.0,0.0,0.0,0.0,0.0,0.0,0.0,1
2015-04-28,64.0,66.5,59.51,58.89,385419.0,-3.47,-5.51,58.13,57.775,57.286,255779.09,209718.64,228846.38,5.46,0
2015-04-29,59.52,64.0,61.19,57.5,222428.88,1.68,2.82,59.408,57.974,57.703,266451.03,210395.76,230197.03,3.15,0
2015-04-30,62.2,62.56,60.0,59.88,161950.42,-1.19,-1.95,60.186,58.269,58.067,273310.46,210546.28,229047.57,2.29,0
2015-05-04,60.0,64.6,61.39,60.0,186161.94,1.39,2.32,61.014,58.808,58.517,279377.27,216348.13,228985.42,2.64,0
2015-05-05,61.0,61.0,58.39,57.8,158617.48,-3.0,-4.89,60.096,58.877,58.554,222915.54,217128.01,220089.78,2.25,0
2015-05-06,59.5,60.6,58.15,57.7,130048.55,-0.24,-0.41,59.824,58.977,58.47,171841.45,213810.27,203169.74,1.84,0
2015-05-07,57.77,59.3,58.75,57.06,112169.62,0.6,1.03,59.336,59.372,58.34,149789.6,208120.32,193372.51,1.59,0
2015-05-08,59.21,59.85,59.5,57.98,133633.2,0.75,1.28,59.236,59.711,58.295,144126.16,208718.31,190398.73,1.89,0
2015-05-11,59.8,63.8,63.09,59.38,248832.47,3.59,6.03,59.576,60.295,58.556,156660.26,218018.77,191778.68,3.52,0
2015-05-12,63.11,65.17,64.5,62.0,241220.56,1.41,2.23,60.798,60.447,58.981,173180.88,198048.21,192596.72,3.42,0
2015-05-13,64.2,64.48,63.13,61.76,176840.38,-1.37,-2.12,61.794,60.809,59.292,182539.25,177190.35,193454.49,2.5,0
2015-05-14,63.13,64.0,62.75,61.08,153779.06,-0.38,-0.6,62.594,60.965,59.47,190861.13,170325.37,190360.56,2.18,0
2015-05-15,62.6,63.2,60.82,60.38,148109.72,-1.93,-3.08,62.858,61.047,59.658,193756.44,168941.3,189743.79,2.1,0
2015-05-18,61.34,62.6,62.5,60.48,208026.78,1.68,2.76,62.74,61.158,59.983,185595.3,171127.78,193737.96,2.95,0
2015-05-19,63.55,66.89,64.56,62.8,252954.09,2.06,3.3,62.752,61.775,60.326,187942.01,180561.44,198844.73,3.58,0
2015-05-20,64.57,68.68,66.19,64.41,275732.09,1.63,2.52,63.364,62.579,60.778,207720.35,195129.8,204470.04,3.9,0
2015-05-21,67.0,72.81,72.81,66.01,258846.3,6.62,10.0,65.376,63.985,61.679,228733.8,209797.47,208958.89,3.67,0
2015-05-22,75.16,80.07,76.0,75.16,352264.25,3.19,4.38,68.412,65.635,62.673,269564.7,231660.57,220189.44,4.99,0
2015-05-25,0.0,0.0,0.0,0.0,0.0,0.0,0.0,0.0,0.0,0.0,0.0,0.0,0.0,0.0,1
2015-05-26,0.0,0.0,0.0,0.0,0.0,0.0,0.0,0.0,0.0,0.0,0.0,0.0,0.0,0.0,1
2015-05-27,0.0,0.0,0.0,0.0,0.0,0.0,0.0,0.0,0.0,0.0,0.0,0.0,0.0,0.0,1
2015-05-28,0.0,0.0,0.0,0.0,0.0,0.0,0.0,0.0,0.0,0.0,0.0,0.0,0.0,0.0,1
2015-05-29,0.0,0.0,0.0,0.0,0.0,0.0,0.0,0.0,0.0,0.0,0.0,0.0,0.0,0.0,1
2015-06-01,0.0,0.0,0.0,0.0,0.0,0.0,0.0,0.0,0.0,0.0,0.0,0.0,0.0,0.0,1
2015-06-02,0.0,0.0,0.0,0.0,0.0,0.0,0.0,0.0,0.0,0.0,0.0,0.0,0.0,0.0,1
2015-06-03,0.0,0.0,0.0,0.0,0.0,0.0,0.0,0.0,0.0,0.0,0.0,0.0,0.0,0.0,1
2015-06-04,83.6,83.6,83.6,80.01,266185.44,7.6,10.0,72.632,67.686,63.991,281196.43,233395.87,225707.32,3.77,0
2015-06-05,85.9,87.6,79.49,79.0,417002.06,-4.11,-4.92,75.618,69.185,64.816,314006.03,250974.02,224511.11,5.91,0
2015-06-08,78.76,78.76,74.95,73.25,278890.91,-4.54,-5.71,77.37,70.367,65.588,314637.79,261179.07,219184.71,3.95,0
2015-06-09,74.95,76.95,74.14,73.53,184408.17,-0.81,-1.08,77.636,71.506,66.236,299750.17,264241.98,217283.67,2.61,0
2015-06-10,74.14,77.92,75.83,74.0,270899.12,1.69,2.28,77.602,73.007,67.027,283477.14,276520.92,222731.11,3.84,0
2015-06-11,75.65,75.65,74.0,72.9,194653.42,-1.83,-2.41,75.682,74.157,67.658,269170.74,275183.58,223155.68,2.76,0
2015-06-12,74.0,76.5,74.9,73.49,206111.78,0.9,1.22,74.764,75.191,68.483,226992.68,270499.35,225530.4,2.92,0
2015-06-15,74.97,77.5,75.77,72.54,303138.28,0.87,1.16,74.928,76.149,69.364,231842.15,273239.97,234184.89,4.29,0
2015-06-16,74.5,75.0,72.87,71.99,143026.34,-2.9,-3.83,74.674,76.155,70.07,223565.79,261657.98,235727.72,2.03,0
2015-06-17,72.9,73.77,70.9,70.09,184206.05,-1.97,-2.7,73.688,75.645,70.64,206227.17,244852.16,238256.36,2.61,0
2015-06-18,70.96,72.87,67.64,67.4,201248.73,-3.26,-4.6,72.416,74.049,70.868,207546.24,238358.49,235877.18,2.85,0
2015-06-19,66.85,66.88,61.9,61.58,204946.98,-5.74,-8.49,69.816,72.29,70.738,207313.28,217152.98,234063.5,2.9,0
2015-06-23,61.8,63.35,63.12,58.09,196983.25,1.22,1.97,67.286,71.107,70.737,186082.27,208962.21,235070.64,2.79,0
2015-06-24,63.35,64.5,63.58,61.5,183030.12,0.46,0.73,65.428,70.051,70.779,194083.03,208824.41,236533.19,2.59,0
2015-06-25,63.86,64.62,61.99,61.2,158426.53,-1.59,-2.5,63.646,68.667,70.837,188927.12,197577.15,237049.03,2.24,0
2015-06-26,59.9,60.91,55.79,55.79,202336.0,-6.2,-10.0,61.276,66.846,70.502,189144.58,198345.41,236764.5,2.87,0
2015-06-29,57.1,57.27,50.21,50.21,239642.97,-5.58,-10.0,58.938,64.377,69.784,196083.77,201698.53,236098.94,3.39,0
2015-06-30,49.33,55.23,55.23,45.58,296001.59,5.02,10.0,57.36,62.323,69.236,215887.44,200984.86,237112.41,4.15,0
2015-07-01,55.1,57.97,52.99,52.58,245696.69,-2.24,-4.06,55.242,60.335,68.245,228420.76,211251.89,236454.93,3.29,0
2015-07-02,53.0,55.18,49.27,47.75,255483.25,-3.72,-7.02,52.698,58.172,66.909,247832.1,218379.61,231615.88,3.42,0
2015-07-03,48.5,52.95,49.55,45.61,275336.31,0.28,0.57,51.45,56.363,65.206,262432.16,225788.37,232073.43,3.69,0
2015-07-06,54.2,54.2,50.75,45.9,299274.41,1.2,2.42,51.558,55.248,63.769,274358.45,235221.11,226187.05,4.01,0
2015-07-07,48.9,49.85,46.99,45.68,436155.66,-3.76,-7.41,49.91,53.635,62.371,302389.26,259138.35,234050.28,5.84,0
2015-07-08,42.29,46.59,44.68,42.29,509342.38,-2.31,-4.92,48.248,51.745,60.898,355118.4,291769.58,250296.99,6.82,0
2015-07-09,44.68,49.15,49.15,43.51,230352.94,4.47,10.0,48.224,50.461,59.564,350092.34,298962.22,248269.68,3.08,0
2015-07-10,51.9,54.07,54.07,50.1,206392.27,4.92,10.01,49.128,50.289,58.568,336303.53,299367.85,248856.63,2.76,0
2015-07-13,55.9,59.48,59.48,54.2,347982.44,5.41,10.01,50.874,51.216,57.797,346045.14,310201.79,255950.16,4.66,0
2015-07-14,58.0,61.02,56.2,55.84,330449.59,-3.28,-5.51,52.716,51.313,56.818,324903.92,313646.59,257315.73,4.43,0
2015-07-15,54.95,55.98,50.58,50.58,240410.62,-5.62,-10.0,53.896,51.072,55.704,271117.57,313117.99,262184.94,3.22,0
2015-07-16,50.58,53.45,52.19,48.0,184014.39,1.61,3.18,54.504,51.364,54.768,261849.86,305971.1,262175.36,2.46,0
2015-07-17,52.8,56.5,55.55,52.35,183378.7,3.36,6.44,54.8,51.964,54.164,257247.15,296775.34,261281.85,2.46,0
2015-07-20,55.55,56.4,54.99,53.83,191992.58,-0.56,-1.01,53.902,52.388,53.818,226049.18,286047.16,260634.13,2.57,0
2015-07-21,54.0,56.48,54.82,52.5,154057.23,-0.17,-0.31,53.626,53.171,53.403,190770.7,257837.31,258487.83,2.06,0
2015-07-22,55.32,56.8,55.56,54.9,156527.22,0.74,1.35,54.622,54.259,53.002,173994.02,222555.8,257162.69,2.1,0
2015-07-23,55.56,57.18,56.58,54.19,167036.22,1.02,1.84,55.5,55.002,52.732,170598.39,216224.13,257593.17,2.24,0
2015-07-24,56.7,58.05,55.59,55.49,186909.72,-0.99,-1.75,55.508,55.154,52.722,171304.59,214275.87,256821.86,2.5,0
2015-07-27,53.98,55.49,50.03,50.03,181208.19,-5.56,-10.0,54.516,54.209,52.713,169147.72,197598.45,253900.12,2.43,0
2015-07-28,47.8,50.97,49.8,45.5,204326.34,-0.23,-0.46,53.512,53.569,52.441,179201.54,184986.12,249316.36,2.74,0
2015-07-29,50.68,54.78,54.78,49.1,199882.39,4.98,10.0,53.356,53.989,52.531,187872.57,180933.3,247025.64,2.68,0
2015-07-30,54.02,55.78,51.8,51.18,162351.33,-2.98,-5.44,52.4,53.95,52.657,186935.59,178766.99,242369.05,2.17,0
2015-07-31,50.98,55.63,55.6,50.76,224725.94,3.8,7.34,52.402,53.955,52.96,194498.84,182901.72,239838.53,3.01,0
2015-08-03,54.6,57.84,57.78,54.3,249985.38,2.18,3.92,53.952,54.234,53.311,208254.28,188701.0,237374.08,3.35,0
2015-08-04,57.88,60.48,59.66,55.19,261998.94,1.88,3.25,55.924,54.718,53.945,219788.8,199495.17,228666.24,3.51,0
2015-08-05,58.68,62.99,59.45,58.41,200543.8,-0.21,-0.35,56.858,55.107,54.683,219921.08,203896.83,213226.31,2.69,0
2015-08-06,58.95,65.4,65.4,57.18,360399.47,5.95,10.01,59.578,55.989,55.496,259530.71,223233.15,219728.64,4.83,0
2015-08-07,67.0,67.71,65.0,63.88,338395.91,-0.4,-0.61,61.458,56.93,56.042,282264.7,238381.77,226328.82,4.53,0
2015-08-10,65.95,67.88,66.81,63.0,232231.09,1.81,2.79,63.264,58.608,56.409,278713.84,243484.06,220541.25,3.11,0
2015-08-11,65.55,68.58,65.7,65.06,204553.48,-1.11,-1.66,64.472,60.198,56.884,267224.75,243506.77,214246.45,2.74,0
2015-08-12,64.5,64.92,61.99,61.8,174192.31,-3.71,-5.65,64.98,60.919,57.454,261954.45,240937.77,210935.53,2.33,0
2015-08-13,61.97,64.2,63.84,61.0,131594.81,1.85,2.98,64.668,62.123,58.037,216193.52,237862.11,208314.55,1.76,0
2015-08-14,63.6,66.35,63.75,63.6,134380.02,-0.09,-0.14,64.418,62.938,58.447,175390.34,228827.52,205864.62,1.8,0
2015-08-17,62.7,65.23,64.2,62.1,109520.22,0.45,0.71,63.896,63.58,58.907,150848.17,214781.0,201741.0,1.47,0
2015-08-18,64.18,64.18,57.78,57.78,171937.62,-6.42,-10.0,62.312,63.392,59.055,144325.0,205774.87,202635.02,2.3,0
2015-08-19,56.0,59.6,58.48,52.2,166604.95,0.7,1.21,61.61,63.295,59.201,142807.52,202380.99,203138.91,2.23,0
2015-08-20,57.0,57.4,54.4,54.0,111732.74,-4.08,-6.98,59.722,62.195,59.092,138835.11,177514.32,200373.73,1.5,0
2015-08-21,53.0,54.04,49.8,49.56,166083.06,-4.6,-8.46,56.932,60.675,58.803,145175.72,160283.03,199332.4,2.22,0
2015-08-24,47.3,47.3,44.82,44.82,161167.88,-4.98,-10.0,53.056,58.476,58.542,155505.25,153176.71,198330.38,2.16,0
2015-08-25,40.8,45.99,40.34,40.34,200305.02,-4.48,-10.0,49.568,55.94,58.069,161178.73,152751.86,198129.32,2.68,0
2015-08-26,41.6,44.37,44.37,39.85,247529.48,4.03,9.99,46.746,54.178,57.549,177363.64,160085.58,200511.67,3.31,0
2015-08-27,45.99,48.81,48.81,45.99,209849.09,4.44,10.01,45.628,52.675,57.399,196986.91,167911.01,202886.56,2.81,0
2015-08-28,50.5,52.25,51.01,47.84,230969.69,2.2,4.51,45.87,51.401,57.17,209964.23,177569.98,203198.75,3.09,0
2015-08-31,50.87,52.78,49.85,49.0,178550.31,-1.16,-2.27,46.876,49.966,56.773,213440.72,184472.98,199626.99,2.39,0
2015-09-01,49.0,49.65,49.59,45.32,196694.5,-0.26,-0.52,48.726,49.147,56.27,212718.61,186948.67,196361.77,2.63,0
2015-09-02,47.2,51.5,45.8,45.76,135880.23,-3.79,-7.64,49.012,47.879,55.587,190388.76,183876.2,193128.59,1.82,0
2015-09-07,47.8,50.05,47.69,47.01,128832.63,1.89,4.13,48.788,47.208,54.702,174185.47,185586.19,181550.25,1.73,0
2015-09-08,48.4,51.96,51.8,47.26,148378.95,4.11,8.62,48.946,47.408,54.042,157667.32,183815.78,172049.4,1.99,0
2015-09-09,52.58,56.0,55.5,52.17,221248.02,3.7,7.14,50.076,48.476,53.476,166206.87,189823.79,171500.25,2.96,0
2015-09-10,53.8,54.99,52.7,52.4,134767.08,-2.8,-5.04,50.698,49.712,52.826,153821.38,183270.0,168010.93,1.8,0
2015-09-11,52.53,53.99,52.85,51.68,93250.96,0.15,0.28,52.108,50.56,52.369,145295.53,167842.15,163963.86,1.25,0
2015-09-14,52.85,54.13,47.85,47.61,133426.59,-5.0,-9.46,52.14,50.464,51.57,146214.32,160199.9,164055.45,1.79,0
2015-09-15,46.7,49.4,47.15,46.24,97655.8,-0.7,-1.46,51.21,50.078,50.74,136069.69,146868.51,162219.24,1.31,0
2015-09-16,48.02,51.87,51.87,47.31,135238.34,4.72,10.01,50.484,50.28,50.123,118867.75,142537.31,163505.15,1.81,0
2015-09-17,53.0,56.21,52.85,52.61,241314.44,0.98,1.89,50.514,50.606,49.877,140177.23,146999.3,166973.99,3.23,0
2015-09-18,54.0,56.8,55.18,53.47,184409.09,2.33,4.41,50.98,51.544,49.712,158408.85,151852.19,167864.2,2.47,0
2015-09-21,54.5,56.75,56.07,53.23,150531.06,0.89,1.61,52.624,52.382,49.795,161829.75,154022.03,169804.11,2.02,0
2015-09-22,56.05,56.66,55.24,54.51,111336.38,-0.83,-1.48,54.242,52.726,50.067,164565.86,150317.78,167066.78,1.49,0
2015-09-23,54.6,60.76,59.01,54.2,234872.83,3.77,6.83,55.67,53.077,50.777,184492.76,151680.26,170752.02,3.15,0
2015-09-24,59.5,59.75,57.8,56.88,160829.67,-1.21,-2.05,56.66,53.587,51.649,168395.81,154286.52,168778.26,2.15,0
2015-09-25,57.67,60.18,58.52,56.28,176073.97,0.72,1.25,57.328,54.154,52.357,166728.78,162568.82,165205.48,2.36,0
2015-09-28,59.2,62.6,61.8,58.85,175365.06,3.28,5.61,58.474,55.549,53.007,171695.58,166762.66,163481.28,2.35,0
2015-09-29,60.45,62.5,61.08,59.55,130593.53,-0.72,-1.17,59.642,56.942,53.51,175547.01,170056.44,158462.47,1.75,0
2015-09-30,63.05,64.0,60.01,59.5,153533.78,-1.07,-1.75,59.842,57.756,54.018,159279.2,171885.98,157211.65,2.06,0
2015-10-07,63.07,63.99,62.95,61.26,3996.12,2.94,4.9,60.872,58.766,54.686,127912.49,148154.15,147576.73,0.05,0
2015-10-08,63.13,64.8,60.68,60.6,245787.95,0.67,1.12,61.304,59.316,55.43,141855.29,154292.04,153072.11,3.29,0
2015-10-09,60.7,62.18,60.94,59.25,149604.16,0.26,0.43,61.132,59.803,56.093,136703.11,154199.35,154110.69,2.0,0
2015-10-12,61.1,63.99,59.46,58.5,433964.94,-1.48,-2.43,60.808,60.225,56.476,197377.39,186462.2,168389.99,5.81,0
2015-10-13,58.99,60.5,60.46,58.16,199954.56,1.0,1.68,60.898,60.37,56.723,206661.55,182970.37,167325.32,2.68,0
2015-10-14,60.45,60.46,58.65,58.35,170178.91,-1.81,-2.99,60.038,60.455,57.021,239898.1,183905.3,169095.91,2.28,0
2015-10-15,58.3,60.64,60.35,58.2,170151.66,1.7,2.9,59.972,60.638,57.396,224770.85,183313.07,172940.94,2.28,0
2015-10-16,60.9,62.51,60.6,59.81,200108.47,0.25,0.41,59.904,60.518,58.034,234871.71,185787.41,176275.04,2.68,0
2015-10-19,61.5,66.66,66.66,61.37,323398.47,6.06,10.0,61.344,61.076,59.009,212758.41,205067.9,187562.17,4.33,0
2015-10-20,68.88,68.97,66.22,64.51,327913.03,-0.44,-0.66,62.496,61.697,59.726,238350.11,222505.83,197195.9,4.39,0
2015-10-21,65.51,65.95,59.75,59.6,338379.38,-6.47,-9.77,62.716,61.377,60.072,271990.2,255944.15,202049.15,4.53,0
2015-10-22,59.79,62.31,61.44,57.69,306107.22,1.69,2.83,62.934,61.453,60.384,299181.31,261976.08,208134.06,4.1,0
2015-10-23,63.01,64.66,62.69,61.7,301703.12,1.25,2.04,63.352,61.628,60.716,319500.24,277185.98,215692.66,4.04,0
2015-10-26,64.0,68.96,68.96,62.75,633458.5,6.27,10.0,63.812,62.578,61.402,381512.25,297135.33,241798.77,8.48,0
2015-10-27,68.2,69.19,68.35,65.0,295275.22,-0.61,-0.89,64.238,63.367,61.869,374984.69,306667.4,244818.89,3.95,0
2015-10-28,68.27,71.7,68.81,67.33,309746.25,0.46,0.67,66.05,64.383,62.419,369258.06,320624.13,252264.72,4.15,0
2015-10-29,69.5,69.85,68.89,66.38,188263.72,0.08,0.12,67.54,65.237,62.937,345689.36,322435.34,252874.2,2.52,0
2015-10-30,68.15,69.76,67.1,65.8,183150.34,-1.79,-2.6,68.422,65.887,63.203,321978.81,320739.53,253263.47,2.45,0
2015-11-02,66.0,66.88,63.66,63.0,217540.84,-3.44,-5.13,67.362,65.587,63.332,238795.27,310153.76,257610.83,2.91,0
2015-11-03,63.81,66.18,65.49,62.4,200332.47,1.83,2.88,66.79,65.514,63.606,219806.72,297395.71,259950.77,2.68,0
2015-11-04,65.4,70.23,69.9,65.02,308797.34,4.41,6.73,67.008,66.529,63.953,219616.94,294437.5,275190.83,4.14,0
2015-11-05,69.0,69.5,67.3,67.2,267191.81,-2.6,-3.72,66.69,67.115,64.284,235402.56,290545.96,276261.02,3.58,0
2015-11-06,66.8,68.8,67.75,66.6,251361.58,0.45,0.67,66.82,67.621,64.625,249044.81,285511.81,281348.89,3.37,0
2015-11-09,67.15,73.05,71.6,66.7,352803.69,3.85,5.68,68.408,67.885,65.232,276097.38,257446.33,277290.83,4.72,0
2015-11-10,71.0,71.25,69.8,68.88,260700.73,-1.8,-2.51,69.27,68.03,65.699,288171.03,253988.88,280328.14,3.49,0
2015-11-11,70.0,71.02,68.8,67.4,265269.81,-1.0,-1.43,69.05,68.029,66.206,279465.52,249541.23,285082.68,3.55,0
2015-11-12,68.95,71.28,70.6,68.0,322355.56,1.8,2.62,69.71,68.2,66.719,290498.27,262950.42,292692.88,4.32,0
2015-11-13,70.0,74.83,70.7,68.18,402411.94,0.1,0.14,70.3,68.56,67.224,320708.35,284876.58,302808.05,5.39,0
2015-11-16,68.5,69.8,69.49,68.19,195330.44,-1.21,-1.71,69.878,69.143,67.365,289213.7,282655.54,296404.65,2.62,0
2015-11-17,70.3,70.6,67.88,66.7,302548.38,-1.61,-2.32,69.494,69.382,67.448,297583.23,292877.13,295136.42,4.05,0
2015-11-18,67.95,68.8,66.18,65.67,187859.14,-1.7,-2.5,68.97,69.01,67.77,282101.09,280783.31,287610.4,2.52,0
2015-11-19,66.5,68.67,68.4,65.5,175349.25,2.22,3.35,68.53,69.12,68.117,252699.83,271599.05,281072.51,2.35,0
2015-11-20,68.12,68.2,66.6,66.27,169425.48,-1.8,-2.63,67.71,69.005,68.313,206102.54,263405.44,274458.62,2.27,0
2015-11-23,66.0,66.99,64.9,64.7,171631.88,-1.7,-2.55,66.792,68.335,68.11,201362.83,245288.26,251367.29,2.3,0
2015-11-24,64.99,64.99,64.51,62.86,187262.28,-0.39,-0.6,66.118,67.806,67.918,178305.61,237944.42,245966.65,2.51,0
2015-11-25,64.2,65.69,65.12,63.82,157092.62,0.61,0.95,65.906,67.438,67.734,172152.3,227126.7,238333.97,2.1,0
2015-11-26,65.5,65.7,63.73,63.68,156347.91,-1.39,-2.13,64.972,66.751,67.476,168352.03,210525.93,236738.17,2.09,0
2015-11-27,63.05,64.43,60.3,60.0,201411.8,-3.43,-5.38,63.712,65.711,67.136,174749.3,190425.92,237651.25,2.7,0
2015-11-30,60.8,62.83,62.68,58.28,203184.11,2.38,3.95,63.268,65.03,67.087,181059.74,191211.29,236933.41,2.72,0
2015-12-01,62.65,62.67,61.95,61.35,90904.49,-0.73,-1.17,62.756,64.437,66.91,161788.19,170046.9,231462.01,1.22,0
2015-12-02,61.75,63.55,63.12,61.5,120695.69,1.17,1.89,62.356,64.131,66.571,154508.8,163330.55,222056.93,1.62,0
2015-12-03,63.11,63.89,63.29,62.61,115975.73,0.17,0.27,62.268,63.62,66.37,146434.36,157393.2,214496.13,1.55,0
2015-12-04,63.15,63.15,61.82,61.51,109078.26,-1.47,-2.32,62.572,63.142,66.074,127967.66,151358.48,207381.96,1.46,0
2015-12-07,61.84,63.0,62.06,61.2,95078.12,0.24,0.39,62.448,62.858,65.596,106346.46,143703.1,194495.68,1.27,0
2015-12-08,61.8,61.93,60.3,60.0,104372.48,-1.76,-2.84,62.118,62.437,65.122,109040.06,135414.12,186679.27,1.4,0
2015-12-09,59.87,63.49,62.88,59.58,210746.41,2.58,4.28,62.07,62.213,64.826,127050.2,140779.5,183953.1,2.82,0
2015-12-10,63.5,63.98,62.42,62.21,130993.49,-0.46,-0.73,61.896,62.082,64.417,130053.75,138244.06,174385.0,1.75,0
2015-12-11,62.15,62.45,61.59,60.62,99867.46,-0.83,-1.33,61.85,62.211,63.961,128211.59,128089.62,159257.77,1.34,0
2015-12-14,60.8,62.0,62.0,60.51,81755.42,0.41,0.67,61.838,62.143,63.587,125547.05,115946.76,153579.02,1.09,0
2015-12-15,62.14,63.21,62.56,62.14,102443.72,0.56,0.9,62.29,62.204,63.321,125161.3,117100.68,143573.79,1.37,0
2015-12-16,62.6,63.0,62.9,62.03,77039.28,0.34,0.54,62.294,62.182,63.157,98419.87,112735.04,138032.79,1.03,0
2015-12-17,62.99,64.42,63.8,62.98,146785.77,0.9,1.43,62.57,62.233,62.927,101578.33,115816.04,136604.62,1.97,0
2015-12-18,63.7,63.89,63.79,62.51,139513.05,-0.01,-0.02,63.01,62.43,62.786,109507.45,118859.52,135109.0,1.87,0
2015-12-21,63.85,64.88,63.02,62.6,184738.41,-0.77,-1.21,63.214,62.526,62.692,130104.05,127825.55,135764.32,2.47,0
2015-12-22,63.1,63.26,62.82,62.05,104192.64,-0.2,-0.32,63.266,62.778,62.608,130453.83,127807.56,131610.84,1.4,0
2015-12-23,63.0,63.1,62.03,62.0,96203.18,-0.79,-1.26,63.092,62.693,62.453,134286.61,116353.24,128566.37,1.29,0
2015-12-24,63.0,64.51,63.47,62.75,211588.06,1.44,2.32,63.026,62.798,62.44,147247.07,124412.7,131328.38,2.83,0
2015-12-25,63.5,63.95,63.45,62.58,100884.58,-0.02,-0.03,62.958,62.984,62.598,139521.37,124514.41,126302.02,1.35,0
2015-12-28,63.45,64.17,62.14,62.05,126179.17,-1.31,-2.06,62.782,62.998,62.571,127809.53,128956.79,122451.77,1.69,0
2015-12-29,62.1,65.45,64.55,61.3,194985.23,2.41,3.88,63.128,63.197,62.701,145968.04,138210.94,127655.81,2.61,0
2015-12-30,65.0,67.0,66.0,65.0,223650.45,1.45,2.25,63.922,63.507,62.845,171457.5,152872.05,132803.55,2.99,0
2015-12-31,66.01,66.95,64.4,64.01,143745.05,-1.6,-2.42,64.108,63.567,62.9,157888.9,152567.98,134192.01,1.9,0
2016-01-04,64.4,64.4,58.76,58.4,114880.14,-5.64,-8.76,63.17,63.064,62.747,160688.01,150104.69,134482.11,1.52,0
2016-01-05,55.8,60.61,59.35,55.8,166704.92,0.59,1.0,62.612,62.697,62.612,168793.16,148301.34,138063.45,2.21,0
2016-01-06,59.5,60.78,60.42,59.37,98824.86,1.07,1.8,61.786,62.457,62.618,149561.08,147764.56,137786.06,1.31,0
2016-01-07,59.0,59.47,55.41,55.0,41293.1,-5.01,-8.29,59.668,61.795,62.244,113089.61,142273.56,129313.4,0.55,0
2016-01-08,58.0,60.68,59.43,56.7,203567.19,4.02,7.25,58.674,61.391,62.095,125054.04,141471.47,132942.08,2.69,0
2016-01-11,57.99,60.99,57.88,57.2,200493.5,-1.55,-2.61,58.498,60.834,61.909,142176.71,151432.36,137973.39,2.65,0
2016-01-12,58.75,60.18,59.82,57.95,153174.36,1.94,3.35,58.592,60.602,61.8,139470.6,154131.88,141544.33,2.03,0
2016-01-13,60.48,61.3,57.36,57.36,148988.7,-2.46,-4.11,57.98,59.883,61.54,149503.37,149532.23,143871.58,1.97,0
2016-01-14,56.5,59.98,59.9,56.3,146238.55,2.54,4.43,58.878,59.273,61.39,170492.46,141791.04,147331.55,1.93,0
2016-01-15,59.01,59.8,58.05,57.02,109584.0,-1.85,-3.09,58.602,58.638,61.103,151695.82,138374.93,145471.46,1.45,0
2016-01-18,57.01,58.6,57.68,56.52,105704.97,-0.37,-0.64,58.562,58.53,60.797,132738.12,137457.42,143781.05,1.4,0
2016-01-19,57.5,59.1,58.87,56.98,137399.98,1.19,2.06,58.372,58.482,60.589,129583.24,134526.92,141414.13,1.82,0
2016-01-20,59.0,59.7,57.74,57.1,113692.67,-1.13,-1.92,58.448,58.214,60.335,122524.03,136013.7,141889.13,1.5,0
2016-01-21,57.1,58.3,56.02,56.0,115329.17,-1.72,-2.98,57.672,58.275,60.035,116342.16,143417.31,142845.43,1.53,0
2016-01-22,56.2,56.85,55.16,53.4,123017.58,-0.86,-1.53,57.094,57.848,59.62,119028.87,135362.35,138416.91,1.63,0
2016-01-25,55.7,56.0,55.0,54.25,89777.12,-0.16,-0.29,56.558,57.56,59.197,115843.3,124290.71,137861.54,1.19,0
2016-01-26,54.17,54.89,49.97,49.5,151616.16,-5.03,-9.14,54.778,56.575,58.589,118686.54,124134.89,139133.39,2.01,0
2016-01-27,50.48,50.68,48.18,45.01,132860.38,-1.79,-3.58,52.866,55.657,57.77,122520.08,122522.06,136027.14,1.76,0
2016-01-28,47.0,48.2,45.3,45.07,94022.02,-2.88,-5.98,50.722,54.197,56.735,118258.65,117300.41,129545.72,1.24,0
2016-01-29,45.2,48.4,47.59,45.2,105753.49,2.29,5.05,49.208,53.151,55.895,114805.83,116917.35,127646.14,1.4,0
2016-02-01,47.85,49.58,48.6,47.3,116492.75,1.01,2.12,47.928,52.243,55.387,120148.96,117996.13,127726.77,1.54,0
2016-02-02,48.61,50.79,50.46,48.6,105173.34,1.86,3.83,48.026,51.402,54.942,110860.4,114773.47,124650.19,1.39,0
2016-02-03,50.39,50.68,50.41,49.73,66779.99,-0.05,-0.1,48.472,50.669,54.442,97644.32,110082.2,123047.95,0.88,0
2016-02-04,51.0,52.3,51.21,50.71,71640.66,0.8,1.59,49.654,50.188,54.232,93168.05,105713.35,124565.33,0.95,0
2016-02-05,51.5,51.9,50.07,50.01,65890.92,-1.14,-2.23,50.15,49.679,53.764,85195.53,100000.68,117681.52,0.87,0
2016-02-15,48.19,50.47,50.0,47.9,52054.95,-0.07,-0.14,50.43,49.179,53.37,72307.97,96228.47,110259.59,0.69,0
2016-02-16,50.25,52.63,52.08,50.25,80021.15,2.08,4.16,50.754,49.39,52.983,67277.53,89068.97,106601.93,1.06,0
2016-02-17,52.2,54.98,53.81,52.2,129986.86,1.73,3.32,51.434,49.953,52.805,79918.91,88781.61,105651.84,1.72,0
2016-02-18,54.61,54.76,53.25,53.1,67409.5,-0.56,-1.04,51.842,50.748,52.473,79072.68,86120.36,101710.38,0.89,0
2016-02-19,53.9,55.25,54.29,53.5,93274.95,1.04,1.95,52.686,51.418,52.285,84549.48,84872.51,100894.93,1.23,0
2016-02-22,55.2,55.5,54.51,54.01,109220.75,0.22,0.41,53.588,52.009,52.126,95982.64,84145.31,101070.72,1.45,0
2016-02-23,54.76,55.71,54.7,54.05,99202.18,0.19,0.35,54.112,52.433,51.918,99818.85,83548.19,99160.83,1.31,0
2016-02-24,54.23,55.25,55.02,53.02,99757.6,0.32,0.58,54.354,52.894,51.782,93773.0,86845.95,98464.08,1.32,0
2016-02-25,56.03,56.65,51.8,51.15,213720.12,-3.22,-5.85,54.064,52.953,51.571,123035.12,101053.9,103383.62,2.83,0
2016-02-26,52.81,53.09,52.35,51.22,88412.62,0.55,1.06,53.676,53.181,51.43,122062.65,103306.07,101653.38,1.17,0
2016-02-29,53.1,53.3,50.51,49.0,124177.34,-1.84,-3.52,52.876,53.232,51.206,125053.97,110518.31,103373.39,1.64,0
2016-03-01,50.54,51.88,51.54,50.08,80229.88,1.03,2.04,52.244,53.178,51.284,121259.51,110539.18,99804.07,1.06,0
2016-03-02,51.09,54.21,53.9,51.09,118288.17,2.36,4.58,52.02,53.187,51.57,124965.63,109369.31,99075.46,1.57,0
2016-03-03,54.0,54.92,53.58,53.55,97766.04,-0.32,-0.59,52.376,53.22,51.984,101774.81,112404.97,99262.66,1.29,0
2016-03-04,53.41,55.0,53.7,52.75,115790.03,0.12,0.22,52.646,53.161,52.29,107250.29,114656.47,99764.49,1.53,0
2016-03-07,54.53,54.99,53.95,53.62,68695.2,0.25,0.47,53.334,53.105,52.557,96153.86,110603.92,97374.61,0.91,0
2016-03-08,54.0,54.0,53.11,51.55,77846.8,-0.84,-1.56,53.648,52.946,52.69,95677.25,108468.38,96008.29,1.03,0
2016-03-09,52.12,52.7,52.0,51.8,56794.26,-1.11,-2.09,53.268,52.644,52.769,83378.47,104172.05,95509.0,0.75,0
2016-03-10,52.0,52.45,51.5,51.25,52084.23,-0.5,-0.96,52.852,52.614,52.784,74242.1,88008.46,94531.18,0.69,0
2016-03-11,51.4,52.1,51.26,50.62,40147.69,-0.24,-0.47,52.364,52.505,52.843,59113.64,83181.96,93244.02,0.53,0
2016-03-14,52.1,54.0,53.33,51.62,97799.23,2.07,4.04,52.24,52.787,53.009,64934.44,80544.15,95531.23,1.29,0
2016-03-15,53.2,55.49,54.44,53.2,161424.19,1.11,2.08,52.506,53.077,53.128,81649.92,88663.58,99601.38,2.14,0
2016-03-16,54.62,54.75,53.0,52.9,86341.95,-1.44,-2.65,52.706,52.987,53.087,87559.46,85468.96,97419.14,1.14,0
2016-03-17,53.68,55.3,55.06,53.28,143350.12,2.06,3.89,53.418,53.135,53.178,105812.64,90027.37,101216.17,1.9,0
2016-03-18,55.06,57.39,56.95,55.06,150854.03,1.89,3.43,54.556,53.46,53.311,127953.9,93533.77,104095.12,2.0,0
2016-03-21,57.66,57.86,57.03,56.02,142481.92,0.08,0.14,55.296,53.768,53.437,136890.44,100912.44,105758.18,1.89,0
2016-03-22,56.9,58.2,57.71,56.1,132023.36,0.68,1.19,55.95,54.228,53.587,131010.28,106330.1,107399.24,1.75,0
2016-03-23,57.2,57.98,57.3,56.68,82493.42,-0.41,-0.71,56.81,54.758,53.701,130240.57,108900.01,106536.03,1.09,0
2016-03-24,56.9,58.39,56.48,56.1,91007.98,-0.82,-1.43,57.094,55.256,53.935,119772.14,112792.39,100400.42,1.2,0
2016-03-25,56.48,57.61,56.96,56.1,81350.57,0.48,0.85,57.096,55.826,54.166,105871.45,116912.68,100047.32,1.08,0
2016-03-28,57.57,59.86,58.05,57.2,140569.2,1.09,1.91,57.3,56.298,54.543,105488.91,121189.67,100866.91,1.86,0
2016-03-29,58.3,59.38,56.87,56.86,145902.0,-1.18,-2.03,57.132,56.541,54.809,108264.63,119637.46,104150.52,1.93,0
2016-03-30,57.15,58.92,58.8,57.15,104241.55,1.93,3.39,57.432,57.121,55.054,112614.26,121427.42,103448.19,1.38,0
2016-03-31,58.83,59.77,58.81,58.38,101934.15,0.01,0.02,57.898,57.496,55.316,114799.49,117285.82,103656.59,1.35,0
2016-04-01,58.79,58.8,58.3,57.26,58376.44,-0.51,-0.87,58.166,57.631,55.546,110204.67,108038.06,100785.91,0.77,0
2016-04-05,59.18,60.23,58.97,58.53,143295.41,0.67,1.15,58.35,57.825,55.797,110749.91,108119.41,104515.92,1.9,0
2016-04-06,58.54,58.95,58.35,57.9,96696.31,-0.62,-1.05,58.646,57.889,56.059,100908.77,104586.7,105458.4,1.28,0
2016-04-07,58.48,58.66,57.05,56.69,88805.72,-1.3,-2.23,58.296,57.864,56.311,97821.61,105217.93,107058.97,1.17,0
2016-04-08,56.6,57.95,57.7,56.57,71666.21,0.65,1.14,58.074,57.986,56.621,91768.02,103283.76,108038.07,0.95,0
2016-04-11,57.7,58.83,57.83,57.41,84675.9,0.13,0.23,57.98,58.073,56.95,97027.91,103616.29,110264.48,1.12,0
2016-04-12,57.75,58.4,57.9,56.8,89768.73,0.07,0.12,57.766,58.058,57.178,86322.57,98536.24,109862.96,1.19,0
2016-04-13,58.6,59.33,58.59,58.43,119290.95,0.69,1.19,57.814,58.23,57.386,90841.5,95875.14,107756.3,1.58,0
2016-04-14,58.8,59.08,58.75,58.33,65735.34,0.16,0.27,58.154,58.225,57.673,86227.43,92024.52,106725.97,0.87,0
2016-04-15,58.59,58.89,58.24,57.6,65158.69,-0.51,-0.87,58.262,58.168,57.832,84925.92,88346.97,102816.39,0.86,0
2016-04-18,58.27,60.18,60.02,57.66,125881.02,1.78,3.06,58.7,58.34,57.986,93166.95,95097.43,101567.74,1.67,0
2016-04-19,59.76,65.5,62.44,59.66,228641.52,2.42,4.03,59.608,58.687,58.256,120941.5,103632.04,105875.72,3.03,0
2016-04-20,62.0,62.31,60.21,58.05,171497.31,-2.23,-3.57,59.932,58.873,58.381,131382.78,111112.14,107849.42,2.27,0
2016-04-21,60.01,63.8,62.13,59.77,154117.8,1.92,3.19,60.608,59.381,58.623,149059.27,117643.35,111430.64,2.04,0
2016-04-22,61.27,62.99,61.9,60.67,88989.6,-0.23,-0.37,61.34,59.801,58.894,153825.45,119375.69,111329.72,1.18,0
2016-04-25,61.91,62.0,60.75,60.0,88199.6,-1.15,-1.86,61.486,60.093,59.083,146289.17,119728.06,111672.17,1.17,0
2016-04-26,60.5,62.96,62.03,60.5,72850.94,1.28,2.11,61.404,60.506,59.282,115131.05,118036.28,108286.26,0.96,0
2016-04-27,62.5,63.29,62.33,62.03,91475.18,0.3,0.48,61.828,60.88,59.555,99126.62,115254.7,105564.92,1.21,0
2016-04-28,62.57,62.79,61.89,60.51,76025.05,-0.44,-0.71,61.78,61.194,59.71,83508.07,116283.67,104154.09,1.01,0
2016-04-29,62.2,64.61,63.71,62.2,161383.31,1.82,2.94,62.142,61.741,59.955,97986.82,125906.13,107126.55,2.14,0
2016-05-03,63.8,64.32,64.3,62.77,135670.27,0.59,0.93,62.852,62.169,60.255,107480.95,126885.06,110991.24,1.79,0
2016-05-04,63.93,64.69,63.55,63.37,96593.07,-0.75,-1.17,63.156,62.28,60.484,112229.38,113680.21,108656.13,1.28,0
2016-05-05,63.51,63.55,63.47,62.6,71386.3,-0.08,-0.13,63.384,62.606,60.74,108211.6,103669.11,107390.63,0.94,0
2016-05-06,63.01,63.47,61.2,61.0,102812.04,-2.27,-3.58,63.246,62.513,60.947,113569.0,98538.54,108090.94,1.36,0
2016-05-09,60.11,60.8,59.0,58.25,101203.99,-2.2,-3.6,62.304,62.223,61.012,101533.13,99759.98,109567.83,1.34,0
2016-05-10,59.0,59.49,58.7,58.43,56623.32,-0.3,-0.51,61.184,62.018,61.056,85723.74,96602.35,108165.2,0.75,0
2016-05-11,59.0,59.38,58.31,57.82,69451.19,-0.39,-0.66,60.136,61.646,61.076,80295.37,96262.37,107149.32,0.92,0
2016-05-12,58.03,59.97,59.51,57.41,82474.41,1.2,2.06,59.344,61.364,61.122,82512.99,95362.3,105308.5,1.09,0
2016-05-13,59.46,60.38,59.17,58.85,58160.09,-0.34,-0.57,58.938,61.092,61.143,73582.6,93575.8,104929.74,0.77,0
2016-05-16,59.33,60.58,60.56,59.03,65887.42,1.39,2.35,59.25,60.777,61.259,66519.29,84026.21,104966.17,0.87,0
2016-05-17,60.56,61.0,60.34,59.66,54326.43,-0.22,-0.36,59.578,60.381,61.275,66059.91,75891.83,101388.44,0.72,0
2016-05-18,59.79,59.79,58.56,58.11,58725.86,-1.78,-2.95,59.628,59.882,61.081,63914.84,72105.11,92892.66,0.78,0
2016-05-19,58.92,59.48,58.57,58.44,37542.17,0.01,0.02,59.44,59.392,60.999,54928.39,68720.69,86194.9,0.5,0
2016-05-20,58.3,59.17,59.1,57.99,36587.36,0.53,0.91,59.426,59.182,60.848,50613.85,62098.22,80318.38,0.48,0
2016-05-23,59.2,60.21,59.43,59.2,51618.59,0.33,0.56,59.2,59.225,60.724,47760.08,57139.68,78449.83,0.68,0
2016-05-24,59.55,60.16,59.23,59.03,62206.34,-0.2,-0.34,58.978,59.278,60.648,49336.06,57697.99,77150.17,0.82,0
2016-05-25,59.76,60.0,59.12,59.01,42040.15,-0.11,-0.19,59.09,59.359,60.503,45998.92,54956.88,75609.63,0.56,0
2016-05-26,59.39,59.72,58.77,57.6,57422.66,-0.35,-0.59,59.13,59.285,60.325,49975.02,52451.71,73907.0,0.76,0
2016-05-27,58.6,58.69,57.79,57.6,59010.42,-0.98,-1.67,58.868,59.147,60.12,54459.63,52536.74,73056.27,0.78,0
2016-05-30,57.81,58.36,57.92,57.38,42734.73,0.13,0.23,58.566,58.883,59.83,52682.86,50221.47,67123.84,0.57,0
2016-05-31,57.95,59.95,59.8,57.95,87393.02,1.88,3.25,58.68,58.829,59.605,57720.2,53528.13,64709.98,1.16,0
2016-06-01,59.89,60.2,59.74,59.56,69499.04,-0.06,-0.1,58.804,58.947,59.415,63211.97,54605.45,63355.28,0.92,0
2016-06-02,59.84,60.13,59.92,59.0,49215.05,0.18,0.3,59.034,59.082,59.237,61570.45,55772.74,62246.71,0.65,0
2016-06-03,59.98,60.44,60.0,59.94,62744.84,0.08,0.13,59.476,59.172,59.177,62317.34,58388.48,60243.35,0.83,0
2016-06-06,60.45,60.92,60.15,59.78,58724.78,0.15,0.25,59.922,59.244,59.235,65515.35,59099.1,58119.39,0.78,0
2016-06-07,60.26,61.98,61.26,60.01,89950.53,1.11,1.84,60.214,59.447,59.363,66026.85,61873.52,59785.75,1.19,0
2016-06-08,61.27,61.38,60.35,60.0,66884.07,-0.91,-1.49,60.336,59.57,59.465,65503.85,64357.91,59657.4,0.88,0
2016-06-13,59.53,60.0,57.44,57.43,106828.07,-2.91,-4.82,59.84,59.437,59.361,77026.46,69298.46,60875.08,1.41,0
2016-06-14,57.06,57.86,57.06,56.82,56651.08,-0.38,-0.66,59.252,59.364,59.256,75807.71,69062.52,60799.63,0.75,0
2016-06-15,56.52,59.89,59.14,56.52,112730.76,2.08,3.65,59.05,59.486,59.184,86608.9,76062.12,63141.8,1.49,0
2016-06-16,58.73,60.98,59.42,58.07,102583.29,0.28,0.47,58.682,59.448,59.138,89135.45,77581.15,65554.64,1.36,0
2016-06-17,59.48,60.34,59.21,58.85,67172.4,-0.21,-0.35,58.454,59.395,59.171,89193.12,77348.49,65976.97,0.89,0
2016-06-20,59.51,60.16,59.6,59.28,44497.36,0.39,0.66,58.886,59.363,59.223,76726.98,76876.72,66324.73,0.59,0
2016-06-21,59.95,60.6,59.39,59.21,98047.29,-0.21,-0.35,59.352,59.302,59.237,85006.22,80406.96,69397.72,1.3,0
2016-06-22,60.42,61.8,60.92,60.15,133208.45,1.53,2.58,59.708,59.379,59.311,89101.76,87855.33,73477.22,1.76,0
2016-06-23,60.36,60.99,60.03,59.77,65656.58,-0.89,-1.46,59.83,59.256,59.351,81716.42,85425.93,73649.73,0.87,0
2016-06-24,59.99,60.49,59.11,57.3,82357.35,-0.92,-1.53,59.81,59.132,59.351,84753.41,86973.26,75665.59,1.09,0
2016-06-27,59.0,59.94,59.67,58.86,47690.61,0.56,0.95,59.824,59.355,59.396,85392.06,81059.52,75178.99,0.63,0
2016-06-28,59.3,60.4,60.3,58.87,70130.72,0.63,1.06,60.006,59.679,59.521,79808.74,82407.48,75735.0,0.93,0
2016-06-29,60.04,60.5,60.4,59.76,67588.38,0.1,0.17,59.902,59.805,59.646,66684.73,77893.24,76977.68,0.89,0
2016-06-30,60.45,61.48,61.01,60.03,87859.76,0.61,1.01,60.098,59.964,59.706,71125.36,76420.89,77001.02,1.05,0
2016-07-01,60.98,62.05,61.39,60.46,91117.74,0.38,0.62,60.554,60.182,59.789,72877.44,78815.42,78081.96,1.14,0
2016-07-04,61.25,61.93,61.45,60.62,82442.65,0.06,0.1,60.91,60.367,59.865,79827.85,82609.95,79743.34,1.04,0
2016-07-05,61.4,61.56,60.8,60.21,91866.83,-0.65,-1.06,61.01,60.508,59.905,84175.07,81991.91,81199.44,1.15,0
2016-07-06,60.77,61.2,60.82,60.38,49594.88,0.02,0.03,61.094,60.498,59.939,80576.37,73630.55,80742.94,0.62,0
2016-07-07,60.8,62.53,61.93,60.6,123337.95,1.11,1.82,61.278,60.688,59.972,87672.01,79398.69,82412.31,1.55,0
2016-07-08,62.17,63.09,62.19,61.83,91199.91,0.26,0.42,61.438,60.996,60.064,87688.44,80282.94,83628.1,1.15,0
2016-07-11,62.59,62.91,61.23,61.15,68910.37,-0.96,-1.54,61.394,61.152,60.254,84981.99,82404.92,81732.22,0.87,0
2016-07-12,60.98,61.47,61.07,60.18,88768.36,-0.16,-0.26,61.448,61.229,60.454,84362.29,84268.68,83338.08,1.11,0
2016-07-13,61.0,61.12,60.93,60.45,89922.94,-0.14,-0.23,61.47,61.282,60.544,92427.91,86502.14,82197.69,1.13,0
2016-07-14,60.73,61.36,61.2,60.47,70836.08,0.27,0.44,61.324,61.301,60.633,81927.53,84799.77,80610.33,0.89,0
2016-07-15,61.69,64.18,62.99,61.46,191155.16,1.79,2.92,61.484,61.461,60.822,101918.58,94803.51,86809.47,2.4,0
2016-07-18,63.35,63.88,62.65,62.46,98431.98,-0.34,-0.54,61.768,61.581,60.974,107822.9,96402.45,89506.2,1.24,0
2016-07-19,62.76,62.96,62.8,62.18,51609.45,0.15,0.24,62.114,61.781,61.145,100391.12,92376.71,87184.31,0.65,0
2016-07-20,62.81,63.3,62.5,62.5,54593.47,-0.3,-0.48,62.428,61.949,61.223,93325.23,92876.57,83253.56,0.69,0
2016-07-21,62.65,62.85,61.94,61.81,66111.99,-0.56,-0.9,62.576,61.95,61.319,92380.41,87153.97,83276.33,0.83,0
2016-07-22,62.65,62.8,61.5,61.0,76550.26,-0.44,-0.71,62.278,61.881,61.439,69459.43,85689.01,82985.97,0.96,0
2016-07-25,61.5,61.98,60.52,60.31,76704.06,-0.98,-1.59,61.852,61.81,61.481,65113.85,86468.37,84436.65,0.91,0
2016-07-26,60.9,61.35,61.17,60.59,53647.39,0.65,1.07,61.526,61.82,61.525,65521.43,82956.28,83612.48,0.64,0
2016-07-27,61.14,61.14,59.38,58.53,100834.12,-1.79,-2.93,60.902,61.665,61.474,74769.56,84047.4,85274.77,1.2,0
2016-07-28,59.5,60.32,59.75,59.01,52083.63,0.37,0.62,60.464,61.52,61.411,71963.89,82172.15,83485.96,0.62,0
2016-07-29,59.75,60.25,59.35,59.19,37382.5,-0.4,-0.67,60.034,61.156,61.309,64130.34,66794.88,80799.2,0.44,0
2016-08-01,59.36,59.77,58.9,58.7,34770.49,-0.45,-0.76,59.71,60.781,61.181,55743.63,60428.74,78415.59,0.41,0
2016-08-02,58.6,59.09,58.96,58.55,38069.89,0.06,0.1,59.268,60.397,61.089,52628.13,59074.78,75725.74,0.45,0
2016-08-03,58.96,59.08,58.84,58.64,26517.9,-0.12,-0.2,59.16,60.031,60.99,37764.88,56267.22,74571.89,0.32,0
2016-08-04,58.87,59.17,59.08,58.7,31541.62,0.24,0.41,59.026,59.745,60.848,33656.48,52810.19,69982.08,0.38,0
2016-08-05,59.09,59.5,58.77,58.72,42907.14,-0.31,-0.53,58.91,59.472,60.677,34761.41,49445.87,67567.44,0.51,0
2016-08-08,58.83,58.98,58.91,58.07,38192.99,0.14,0.24,58.912,59.311,60.561,35445.91,45594.77,66031.57,0.45,0
2016-08-09,58.95,59.19,59.15,58.55,47191.54,0.24,0.41,58.95,59.109,60.465,37270.24,44949.18,63952.73,0.56,0
2016-08-10,59.16,59.47,58.89,58.76,33802.22,-0.26,-0.44,58.96,59.06,60.363,38727.1,38245.99,61146.69,0.4,0
2016-08-11,58.88,59.39,58.6,58.59,48134.53,-0.29,-0.49,58.864,58.945,60.233,42045.68,37851.08,60011.62,0.57,0
2016-08-12,59.0,59.75,59.27,58.7,52718.47,0.67,1.14,58.964,58.937,60.047,44007.95,39384.68,53089.78,0.63,0
2016-08-15,59.49,60.6,60.07,59.0,96417.72,0.8,1.35,59.196,59.054,59.918,55652.9,45549.4,52989.07,1.15,0
2016-08-16,60.2,60.35,59.92,59.8,78102.69,-0.15,-0.25,59.35,59.15,59.774,61835.13,49552.68,54313.73,0.93,0
2016-08-17,60.0,61.2,60.72,60.0,87137.95,0.8,1.33,59.716,59.338,59.685,72502.27,55614.69,55940.95,1.04,0
2016-08-18,60.7,60.7,60.06,59.94,59420.44,-0.66,-1.09,60.008,59.436,59.591,74759.45,58402.57,55606.38,0.71,0
2016-08-19,60.0,60.18,59.86,59.65,37769.39,-0.2,-0.33,60.126,59.545,59.509,71769.64,57888.79,53667.33,0.45,0
2016-08-22,59.89,60.1,58.68,58.63,63053.16,-1.18,-1.97,59.848,59.522,59.417,65096.73,60374.81,52984.79,0.75,0
2016-08-23,58.96,59.06,58.91,58.56,34301.08,0.23,0.39,59.646,59.498,59.304,56336.4,59085.77,52017.47,0.41,0
2016-08-24,59.0,59.17,59.08,58.78,30901.19,0.17,0.29,59.318,59.517,59.289,45089.05,58795.66,48520.83,0.37,0
2016-08-25,58.96,58.96,58.2,57.63,65348.26,-0.88,-1.49,58.946,59.477,59.211,46274.62,60517.04,49184.06,0.78,0
2016-08-26,58.5,58.5,58.35,58.0,44163.57,0.15,0.26,58.644,59.385,59.161,47553.45,59661.55,49523.11,0.53,0
2016-08-29,58.85,59.13,58.29,58.15,67373.27,-0.06,-0.1,58.566,59.207,59.131,48417.47,56757.1,51153.25,0.8,0
2016-08-30,58.4,58.54,58.47,58.15,39551.93,0.18,0.31,58.478,59.062,59.106,49467.64,52902.02,51227.35,0.47,0
2016-08-31,58.63,58.64,58.55,58.2,28026.45,0.08,0.14,58.372,58.845,59.092,48892.7,46990.87,51302.78,0.33,0
2016-09-01,58.65,58.72,58.46,58.45,31025.06,-0.09,-0.15,58.424,58.685,59.061,42028.06,44151.34,51276.95,0.37,0
2016-09-02,58.45,58.45,57.86,57.8,44156.33,-0.6,-1.03,58.326,58.485,59.015,42026.61,44790.03,51339.41,0.53,0
2016-09-05,58.0,58.26,57.92,57.6,26712.51,0.06,0.1,58.252,58.409,58.966,33894.46,41155.97,50765.39,0.32,0
2016-09-06,58.12,59.52,59.51,57.78,84732.65,1.59,2.75,58.46,58.469,58.984,42930.6,46199.12,52642.44,1.01,0
2016-09-07,59.5,59.6,58.97,58.9,51287.28,-0.54,-0.91,58.544,58.458,58.988,47582.77,48237.73,53516.7,0.61,0
2016-09-08,58.98,59.25,58.9,58.75,32724.36,-0.07,-0.12,58.632,58.528,59.003,47922.63,44975.34,52746.19,0.39,0
2016-09-09,59.03,60.28,59.01,58.99,67664.29,0.11,0.19,58.862,58.594,58.99,52624.22,47325.41,53493.48,0.81,0
2016-09-12,58.0,58.47,57.67,57.61,57353.14,-1.34,-2.27,58.812,58.532,58.87,58752.34,46323.4,51540.25,0.68,0
2016-09-13,58.0,58.1,57.02,56.8,67381.3,-0.65,-1.13,58.314,58.387,58.725,55282.07,49106.34,51004.18,0.8,0
2016-09-14,57.0,57.0,56.01,56.0,61515.39,-1.01,-1.77,57.722,58.133,58.489,57327.7,52455.23,49723.05,0.73,0
2016-09-19,56.09,56.92,56.68,56.09,41144.24,0.67,1.2,57.278,57.955,58.32,59011.67,53467.15,48809.24,0.49,0
2016-09-20,56.85,57.05,56.31,56.12,30931.48,-0.37,-0.65,56.738,57.8,58.143,51665.11,52144.66,48467.35,0.37,0
2016-09-21,56.52,56.93,56.75,56.17,31946.48,0.44,0.78,56.554,57.683,58.046,46583.78,52668.06,46912.01,0.38,0
2016-09-22,56.9,57.18,57.1,56.81,46557.86,0.35,0.62,56.57,57.442,57.956,42419.09,48850.58,47524.85,0.55,0
2016-09-23,57.15,57.2,56.98,56.82,27230.45,-0.12,-0.21,56.764,57.243,57.851,35562.1,46444.9,47341.31,0.32,0
2016-09-26,56.98,57.01,55.4,55.16,50539.71,-1.58,-2.77,56.508,56.893,57.71,37441.2,48226.43,46600.89,0.6,0
2016-09-27,55.33,55.73,55.44,55.08,31539.43,0.04,0.07,56.334,56.536,57.565,37562.79,44613.95,45969.68,0.38,0
2016-09-28,55.71,55.71,55.33,55.3,21689.78,-0.11,-0.2,56.05,56.302,57.417,35511.45,41047.61,43685.51,0.26,0
2016-09-29,55.49,55.75,55.21,54.99,36813.61,-0.12,-0.22,55.672,56.121,57.254,33562.6,37990.84,43548.59,0.44,0
2016-09-30,55.15,55.76,55.59,55.01,30346.71,0.38,0.69,55.394,56.079,57.106,34185.85,34873.97,43664.6,0.36,0
2016-10-10,55.91,56.87,56.8,55.91,44047.87,1.21,2.18,55.674,56.091,57.023,32887.48,35164.34,44315.74,0.52,0
2016-10-11,56.88,58.35,57.89,56.6,90887.48,1.09,1.92,56.164,56.249,57.025,44757.09,41159.94,46652.3,1.08,0
2016-10-12,57.85,57.95,57.54,57.18,48286.24,-0.35,-0.6,56.606,56.328,57.005,50076.38,42793.91,47730.99,0.57,0
2016-10-13,57.6,58.22,57.31,57.16,44595.53,-0.23,-0.4,57.026,56.349,56.896,51632.77,42597.68,45724.13,0.53,0
2016-10-14,57.46,57.75,57.27,56.65,36706.02,-0.04,-0.07,57.362,56.378,56.811,52904.63,43545.24,44995.07,0.44,0
2016-10-17,57.35,57.65,56.78,56.63,44795.83,-0.49,-0.86,57.358,56.516,56.705,53054.22,42970.85,45598.64,0.53,0
2016-10-18,56.79,57.48,57.35,56.6,48363.59,0.57,1.0,57.25,56.707,56.622,44549.44,44653.27,44633.61,0.58,0
