datetime,A,B,C,D,E,F,G
2006-12-16,302.29,34.92,93552.53,5180.8,0.0,546.0,4926.0
2006-12-17,847.62,226.01,345725.32,14398.6,2033.0,4187.0,13341.0
2006-12-18,550.96,161.79,347373.64,9247.2,1063.0,2621.0,14018.0
2006-12-19,416.55,150.94,348479.01,7094.0,839.0,7602.0,6197.0
2006-12-20,556.44,161.0,348923.61,9313.0,0.0,2648.0,14063.0
2006-12-21,429.16,144.17,346616.31,7238.6,1765.0,2623.0,10421.0
2006-12-22,585.33,186.91,347305.75,9897.0,3151.0,350.0,11131.0
2006-12-23,1193.35,221.47,345795.95,20200.4,2669.0,425.0,14726.0
2006-12-24,637.5,149.9,348029.91,11002.2,1703.0,5082.0,6891.0
2006-12-25,685.78,240.28,350495.9,11450.2,6620.0,1962.0,5795.0
2006-12-26,983.53,165.1,347940.63,16341.0,1086.0,2533.0,14979.0
2006-12-27,382.19,178.9,351025.0,6505.2,0.0,314.0,6976.0
2006-12-28,518.16,208.88,350306.4,8764.2,2207.0,4419.0,9176.0
2006-12-29,793.6,196.39,346854.68,13350.8,1252.0,5162.0,11329.0
2006-12-30,697.33,311.93,345897.51,11924.2,3072.0,7891.0,12480.0
2006-12-31,873.55,150.85,345451.07,14687.4,0.0,347.0,6502.0
2007-01-01,687.25,148.17,345785.73,11400.4,0.0,352.0,5880.0
2007-01-02,317.31,190.34,348399.04,5348.2,0.0,348.0,6562.0
2007-01-03,253.51,196.73,350722.21,4340.2,0.0,344.0,4765.0
2007-01-04,814.85,202.3,345240.43,13648.6,1051.0,7597.0,10896.0
2007-01-05,678.34,173.15,346313.9,11354.6,1483.0,379.0,7602.0
2007-01-06,377.09,192.19,345129.2,6543.2,1336.0,402.0,5678.0
2007-01-07,611.91,246.07,346899.58,10487.0,1987.0,8177.0,12810.0
2007-01-08,560.34,207.57,344990.81,9434.4,0.0,467.0,17547.0
2007-01-09,467.26,207.25,346302.03,7950.4,1688.0,4267.0,9790.0
2007-01-10,538.7,228.45,347079.53,9155.2,771.0,4456.0,11012.0
2007-01-11,563.8,230.02,347264.19,9588.0,1378.0,2170.0,12415.0
2007-01-12,365.32,199.14,347815.02,6205.2,0.0,439.0,8276.0
2007-01-13,796.7,290.74,344568.4,13612.4,7806.0,2975.0,11341.0
2007-01-14,751.95,227.12,343664.64,12905.4,1777.0,4215.0,12975.0
2007-01-15,537.17,174.86,347386.91,9016.6,1099.0,2239.0,15163.0
2007-01-16,421.6,185.43,348400.45,7165.4,2063.0,644.0,6583.0
2007-01-17,711.92,200.75,347047.56,11928.8,3500.0,5737.0,16064.0
2007-01-18,455.37,177.71,346886.78,7693.2,0.0,336.0,13491.0
2007-01-19,370.11,170.05,345831.76,6301.8,2103.0,330.0,7172.0
2007-01-20,783.43,238.36,343969.16,13461.2,4324.0,5222.0,11440.0
2007-01-21,851.82,229.74,344114.09,14674.6,10346.0,5567.0,11599.0
2007-01-22,545.12,168.64,347908.51,9151.6,1054.0,2983.0,11361.0
2007-01-23,444.41,138.28,349578.08,7575.6,0.0,1064.0,5061.0
2007-01-24,746.96,178.06,347699.08,12576.4,3464.0,2480.0,11744.0
2007-01-25,399.09,144.16,350531.08,6666.2,1158.0,262.0,11239.0
2007-01-26,404.49,142.9,349591.38,6798.8,1163.0,261.0,8238.0
2007-01-27,511.02,148.24,347927.86,8567.8,1170.0,3896.0,12374.0
2007-01-28,772.55,153.35,345798.59,13143.4,3466.0,3997.0,12045.0
2007-01-29,495.67,165.7,346938.62,8336.0,1123.0,294.0,15254.0
2007-01-30,426.95,180.93,348250.86,7240.6,1123.0,1424.0,8149.0
2007-01-31,590.94,185.99,345486.43,9970.0,0.0,5950.0,15052.0
2007-02-01,456.19,150.26,346164.68,7678.8,1170.0,386.0,13145.0
2007-02-02,416.93,139.54,346081.52,7014.0,0.0,356.0,11338.0
2007-02-03,1007.43,245.82,344030.68,17015.0,4746.0,4573.0,17834.0
2007-02-04,898.98,186.49,345072.0,15214.2,3391.0,4597.0,14472.0
2007-02-05,411.32,147.23,346766.85,6941.4,896.0,2564.0,7849.0
2007-02-06,318.37,142.57,347420.39,5431.6,1185.0,405.0,4517.0
2007-02-07,582.0,177.71,347255.56,9780.0,3299.0,3513.0,11986.0
2007-02-08,450.35,138.9,348188.12,7557.6,2226.0,366.0,10157.0
2007-02-09,405.05,158.07,348106.24,6807.2,0.0,3045.0,9770.0
2007-02-10,707.33,192.97,345653.03,11957.4,5071.0,2831.0,14405.0
2007-02-11,892.81,204.31,344888.85,15158.6,2430.0,4765.0,13114.0
2007-02-12,469.4,136.7,345741.84,7925.0,2227.0,399.0,11517.0
2007-02-13,353.64,134.68,347280.27,5967.0,0.0,2828.0,6256.0
2007-02-14,624.67,202.51,346140.56,10533.8,3295.0,3793.0,11579.0
2007-02-15,496.34,165.96,346563.68,8381.2,0.0,2363.0,14028.0
2007-02-16,425.63,151.69,346782.16,7267.0,1148.0,859.0,8689.0
2007-02-17,519.23,238.97,344615.09,8826.0,1765.0,2226.0,7157.0
2007-02-18,957.44,255.52,344405.96,16184.0,6107.0,8003.0,13129.0
2007-02-19,546.65,176.58,345297.0,9276.8,1634.0,2900.0,13085.0
2007-02-20,787.48,187.16,345406.24,13202.6,2058.0,5191.0,9713.0
2007-02-21,518.22,189.87,346263.79,8747.2,3527.0,2332.0,11548.0
2007-02-22,842.37,137.95,343140.65,14194.2,1409.0,4129.0,12251.0
2007-02-23,328.37,149.34,346587.79,5508.6,0.0,503.0,10786.0
2007-02-24,178.73,122.2,345402.87,3003.6,0.0,363.0,3562.0
2007-02-25,125.44,113.74,348021.43,2105.6,0.0,329.0,1660.0
2007-02-26,142.12,108.28,347433.97,2388.8,0.0,331.0,2830.0
2007-02-27,129.53,113.2,349839.75,2195.4,0.0,314.0,1924.0
2007-02-28,130.19,113.37,348709.81,2201.0,0.0,340.0,1973.0
2007-03-01,129.39,107.63,347502.82,2172.8,0.0,316.0,1980.0
2007-03-02,128.92,107.01,346451.9,2169.8,0.0,340.0,1969.0
2007-03-03,204.78,134.99,347454.84,3457.6,0.0,347.0,4597.0
2007-03-04,522.68,175.68,345642.91,8867.8,1476.0,8711.0,9408.0
2007-03-05,665.08,205.96,345644.51,11290.0,5727.0,12109.0,10026.0
2007-03-06,311.62,186.15,347022.82,5321.8,0.0,1740.0,4700.0
2007-03-07,593.8,171.2,346065.93,9986.4,1076.0,4761.0,15513.0
2007-03-08,393.03,187.4,346558.21,6717.8,2180.0,3385.0,6655.0
2007-03-09,318.15,119.24,346879.39,5373.0,1093.0,345.0,8631.0
2007-03-10,621.18,243.53,345316.08,10572.4,4130.0,5422.0,10979.0
2007-03-11,870.16,173.37,345610.5,14575.0,4810.0,3420.0,9500.0
2007-03-12,487.67,134.42,346404.55,8249.0,1403.0,2841.0,12353.0
2007-03-13,322.54,126.72,346893.07,5480.2,1350.0,3859.0,5323.0
2007-03-14,448.34,157.52,346719.3,7585.2,3485.0,480.0,8607.0
2007-03-15,471.2,159.33,346003.91,7953.4,0.0,3263.0,11036.0
2007-03-16,425.51,130.21,344919.07,7189.0,1106.0,4604.0,5370.0
2007-03-17,507.02,127.07,343043.5,8562.4,2208.0,359.0,12275.0
2007-03-18,592.76,241.45,347108.86,10091.4,6564.0,7369.0,5856.0
2007-03-19,538.13,144.76,346315.81,9046.0,1648.0,2686.0,14118.0
2007-03-20,521.56,164.87,346774.52,8857.8,3745.0,2837.0,11255.0
2007-03-21,535.52,142.83,347020.77,8981.6,1865.0,4133.0,12335.0
2007-03-22,363.74,113.83,348139.48,6081.2,353.0,736.0,10462.0
2007-03-23,327.25,119.49,347969.49,5477.4,1127.0,777.0,8369.0
2007-03-24,742.11,191.02,345174.44,12532.8,3707.0,5797.0,16382.0
2007-03-25,834.03,235.97,345407.14,13990.4,4630.0,3600.0,9358.0
2007-03-26,354.02,160.97,347525.01,6023.6,1088.0,344.0,9096.0
2007-03-27,276.28,151.73,346466.85,4747.0,0.0,3019.0,3697.0
2007-03-28,583.47,196.52,346240.24,9870.6,1122.0,8527.0,13888.0
2007-03-29,397.6,198.7,346372.83,6734.6,1162.0,460.0,10724.0
2007-03-30,350.6,181.13,347096.49,6033.0,1094.0,468.0,8217.0
2007-03-31,877.38,231.5,344535.51,14781.2,2620.0,7707.0,17682.0
2007-04-01,696.49,202.55,345635.26,11735.2,4629.0,5401.0,19509.0
2007-04-02,490.19,174.34,346262.57,8226.2,1755.0,970.0,16641.0
2007-04-03,410.7,168.76,346327.14,6978.6,3630.0,1042.0,7637.0
2007-04-04,512.97,172.32,346077.77,8620.2,3434.0,420.0,14748.0
2007-04-05,461.02,244.54,347289.27,7907.8,1086.0,4277.0,10523.0
2007-04-06,400.28,143.21,347305.61,6751.6,0.0,5466.0,9166.0
2007-04-07,388.48,138.73,346145.17,6573.0,1127.0,3111.0,5923.0
2007-04-08,402.2,135.88,346102.82,6796.6,0.0,485.0,3545.0
2007-04-09,250.23,160.11,346392.7,4283.4,2667.0,514.0,3801.0
2007-04-10,194.34,148.94,346771.73,3380.2,209.0,742.0,2572.0
2007-04-11,221.87,192.45,347262.95,3771.0,0.0,1112.0,6421.0
2007-04-12,134.43,147.81,345968.73,2301.0,0.0,541.0,1818.0
2007-04-13,137.76,151.64,345672.7,2366.4,0.0,558.0,1988.0
2007-04-14,138.57,155.61,346050.93,2378.0,0.0,578.0,2008.0
2007-04-15,181.54,171.54,345940.83,3148.6,0.0,1026.0,2893.0
2007-04-16,238.1,186.07,346546.28,4136.4,952.0,1305.0,4656.0
2007-04-17,305.93,218.35,345881.76,5314.8,1532.0,389.0,6199.0
2007-04-18,249.56,165.22,345811.36,4313.4,1579.0,355.0,3430.0
2007-04-19,257.16,149.66,346218.97,4400.4,733.0,1605.0,5748.0
2007-04-20,205.64,145.65,345791.37,3592.6,1069.0,360.0,3499.0
2007-04-21,418.41,212.66,344467.06,7251.4,6575.0,463.0,11129.0
2007-04-22,558.43,267.19,345036.79,9631.4,4264.0,2287.0,11102.0
2007-04-23,263.64,135.64,341619.33,4700.4,1402.0,506.0,6005.0
2007-04-24,258.02,135.26,338896.69,4528.6,1125.0,527.0,6680.0
2007-04-25,316.04,164.74,338315.2,5555.6,0.0,1469.0,8812.0
2007-04-26,318.87,163.61,338093.71,5650.2,1324.0,1845.0,7163.0
2007-04-27,273.58,161.93,338711.28,4770.0,1772.0,545.0,4756.0
2007-04-28,5.68,2.86,4913.71,97.4,0.0,18.0,0.0
2007-04-29,0.0,0.0,0.0,0.0,0.0,0.0,0.0
2007-04-30,105.21,71.72,135285.14,1865.8,1214.0,500.0,1131.0
2007-05-01,415.96,181.61,337937.33,7305.6,4005.0,995.0,8546.0
2007-05-02,250.87,160.09,339238.19,4523.8,7.0,1490.0,3754.0
2007-05-03,272.56,150.94,338594.24,4763.0,1906.0,1725.0,7836.0
2007-05-04,249.53,174.74,339422.68,4432.4,2259.0,538.0,3990.0
2007-05-05,390.76,174.1,338450.43,6820.0,2913.0,2493.0,11303.0
2007-05-06,525.53,182.34,337549.9,9229.0,3215.0,949.0,10095.0
2007-05-07,410.92,168.92,337733.24,7172.6,946.0,4935.0,9433.0
2007-05-08,447.32,181.61,338264.98,7713.2,4581.0,2011.0,8777.0
2007-05-09,416.43,183.48,338218.16,7280.8,3018.0,5631.0,9474.0
2007-05-10,176.97,168.31,339546.61,3177.8,946.0,534.0,3261.0
2007-05-11,244.79,132.1,338730.85,4359.8,926.0,491.0,6471.0
2007-05-12,360.39,209.17,338000.98,6279.2,2247.0,1075.0,10408.0
2007-05-13,408.68,220.67,339420.54,7155.6,3612.0,2414.0,8958.0
2007-05-14,366.95,298.55,339393.7,6586.8,3176.0,2417.0,5517.0
2007-05-15,226.1,111.18,339281.27,3936.0,0.0,408.0,5318.0
2007-05-16,423.24,135.89,338775.57,7303.4,2213.0,5756.0,9077.0
2007-05-17,307.95,131.19,339650.58,5358.2,1014.0,2073.0,7687.0
2007-05-18,407.88,171.26,339832.22,7022.4,3270.0,3913.0,8116.0
2007-05-19,357.36,167.86,338320.4,6219.8,4683.0,530.0,7022.0
2007-05-20,492.08,187.53,338901.29,8555.8,5420.0,1733.0,7611.0
2007-05-21,280.02,117.28,337956.35,4807.6,0.0,468.0,9060.0
2007-05-22,283.21,128.92,339092.03,4895.8,931.0,3966.0,3984.0
2007-05-23,366.23,165.88,338129.99,6332.4,956.0,3792.0,8119.0
2007-05-24,288.6,135.56,339186.33,4985.4,955.0,4116.0,4746.0
2007-05-25,403.56,174.59,337603.97,7003.4,8060.0,586.0,6539.0
2007-05-26,378.06,174.24,338500.64,6570.4,2373.0,2754.0,8628.0
2007-05-27,538.45,219.89,338268.15,9369.4,4366.0,5534.0,10444.0
2007-05-28,409.37,151.1,338265.47,7087.6,4554.0,473.0,9586.0
2007-05-29,265.34,113.24,339399.86,4618.4,0.0,1907.0,4332.0
2007-05-30,402.47,147.06,338157.21,6953.0,2250.0,5948.0,7804.0
2007-05-31,234.64,129.59,338539.0,4020.2,935.0,477.0,3552.0
2007-06-01,261.23,143.18,338630.26,4512.2,0.0,483.0,7664.0
2007-06-02,371.09,166.11,337635.4,6442.6,3971.0,1250.0,7633.0
2007-06-03,527.01,182.46,338057.82,9148.2,4985.0,7529.0,8334.0
2007-06-04,227.9,223.19,338037.22,4064.0,1585.0,836.0,4533.0
2007-06-05,364.72,255.69,337957.58,6429.8,4484.0,1027.0,6448.0
2007-06-06,423.41,231.06,337620.53,7351.6,3329.0,829.0,11663.0
2007-06-07,246.25,172.33,337649.48,4294.6,985.0,699.0,3959.0
2007-06-08,537.01,229.73,340124.32,9285.4,2799.0,11440.0,11380.0
2007-06-09,264.95,226.66,337469.05,4565.2,852.0,596.0,6590.0
2007-06-10,335.2,239.09,346815.77,5768.2,4202.0,1924.0,5983.0
2007-06-11,198.66,194.63,346833.72,3481.8,0.0,487.0,5328.0
2007-06-12,229.69,216.42,345923.85,4116.4,1882.0,475.0,3898.0
2007-06-13,231.82,208.26,346172.55,4057.2,957.0,857.0,5216.0
2007-06-14,314.77,231.7,345380.81,5448.0,3322.0,2147.0,7054.0
2007-06-15,247.4,251.76,346268.71,4415.4,2269.0,4011.0,4547.0
2007-06-16,504.44,307.56,344882.44,8604.0,3289.0,4498.0,11108.0
2007-06-17,486.77,239.81,345915.62,8307.8,4124.0,5038.0,8734.0
2007-06-18,169.62,180.81,346717.73,2993.4,0.0,529.0,4241.0
2007-06-19,210.59,187.99,345507.19,3682.4,973.0,535.0,4357.0
2007-06-20,268.57,227.3,345824.88,4761.8,1761.0,2588.0,5106.0
2007-06-21,201.74,222.55,346427.92,3601.2,932.0,2400.0,3711.0
2007-06-22,141.57,208.53,346803.31,2602.6,0.0,951.0,3482.0
2007-06-23,119.39,193.12,346059.31,2211.4,0.0,786.0,2402.0
2007-06-24,178.66,179.36,347230.39,3179.0,0.0,791.0,3449.0
2007-06-25,268.05,197.27,346208.06,4680.0,1985.0,3621.0,4816.0
2007-06-26,236.23,182.42,345736.09,4143.0,971.0,1334.0,5231.0
2007-06-27,370.21,207.0,345252.11,6378.0,2603.0,6451.0,7270.0
2007-06-28,323.86,217.45,344770.08,5601.0,0.0,4368.0,9541.0
2007-06-29,326.05,206.19,345622.33,5673.2,4363.0,667.0,6797.0
2007-06-30,333.83,188.35,345616.72,5719.0,3049.0,792.0,8376.0
2007-07-01,256.67,172.45,345696.7,4436.2,969.0,736.0,4690.0
2007-07-02,241.76,176.92,346567.41,4216.0,1018.0,5281.0,3445.0
2007-07-03,264.98,180.34,345869.19,4652.2,467.0,3214.0,4695.0
2007-07-04,250.85,253.33,346549.87,4457.4,2329.0,2218.0,5632.0
2007-07-05,264.32,246.72,346240.0,4655.8,2922.0,770.0,3973.0
2007-07-06,267.38,219.35,346463.21,4706.8,2826.0,3563.0,4005.0
2007-07-07,339.55,214.04,345470.6,5810.2,997.0,3047.0,10177.0
2007-07-08,272.27,196.92,346088.01,4736.6,1825.0,2831.0,5277.0
2007-07-09,295.04,172.42,346489.41,5063.4,923.0,594.0,9386.0
2007-07-10,227.08,176.24,345575.6,4012.0,67.0,2227.0,4631.0
2007-07-11,180.59,153.86,347083.25,3167.2,1015.0,647.0,5284.0
2007-07-12,267.4,209.1,346701.05,4656.4,1029.0,2550.0,6419.0
2007-07-13,198.6,206.69,346830.92,3529.2,0.0,633.0,4427.0
2007-07-14,322.04,258.45,347460.31,5607.4,3775.0,1968.0,6604.0
2007-07-15,229.26,233.18,315181.48,4050.0,862.0,632.0,5585.0
2007-07-16,213.42,233.96,340570.42,3831.2,830.0,695.0,4176.0
2007-07-17,179.91,176.09,338027.41,3277.8,848.0,694.0,3335.0
2007-07-18,189.27,156.51,332767.05,3437.0,909.0,671.0,4628.0
2007-07-19,169.47,187.01,337337.08,3087.2,1068.0,703.0,3130.0
2007-07-20,277.61,223.12,339219.22,4970.4,2111.0,2418.0,4765.0
2007-07-21,265.06,236.16,337329.54,4739.8,428.0,512.0,7756.0
2007-07-22,343.94,218.25,339551.81,6082.0,7091.0,2136.0,5563.0
2007-07-23,247.75,143.77,337681.25,4429.4,1747.0,1288.0,3847.0
2007-07-24,206.32,112.81,338922.78,3673.4,0.0,1607.0,5599.0
2007-07-25,118.14,108.23,339323.11,2130.2,0.0,151.0,2333.0
2007-07-26,231.12,115.09,338318.96,4087.0,975.0,3633.0,4346.0
2007-07-27,300.63,120.46,339197.3,5217.6,1837.0,49.0,7157.0
2007-07-28,405.47,178.73,339130.42,7116.0,907.0,10265.0,6559.0
2007-07-29,80.28,118.58,339425.33,1488.2,0.0,0.0,1288.0
2007-07-30,116.7,129.49,339163.53,2112.8,0.0,0.0,2528.0
2007-07-31,203.08,145.79,338277.33,3603.6,3277.0,0.0,3575.0
2007-08-01,265.08,142.56,333478.02,4616.6,1583.0,0.0,9812.0
2007-08-02,254.85,144.95,338193.49,4445.4,482.0,0.0,6869.0
2007-08-03,265.84,125.39,337659.27,4618.4,958.0,0.0,9139.0
2007-08-04,286.25,139.23,338770.4,4971.4,552.0,398.0,7966.0
2007-08-05,196.77,151.25,338565.99,3509.0,169.0,0.0,6647.0
2007-08-06,272.43,154.43,337971.95,4776.6,1096.0,0.0,7985.0
2007-08-07,370.9,131.18,337757.59,6373.4,437.0,2168.0,9042.0
2007-08-08,281.37,119.1,337697.82,4868.0,1055.0,1111.0,9660.0
2007-08-09,267.92,109.47,337268.72,4712.2,182.0,4515.0,6646.0
2007-08-10,257.0,117.66,337663.89,4506.8,336.0,2651.0,8287.0
2007-08-11,272.91,115.77,338371.46,4731.4,1180.0,910.0,10339.0
2007-08-12,310.48,127.78,339357.39,5389.6,1123.0,1156.0,8582.0
2007-08-13,288.25,130.94,338711.86,4966.2,93.0,476.0,11101.0
2007-08-14,235.3,132.01,341390.0,4110.0,951.0,685.0,6256.0
2007-08-15,297.96,159.76,345590.51,5100.6,338.0,508.0,9787.0
2007-08-16,239.62,131.53,345222.23,4095.2,962.0,0.0,7476.0
2007-08-17,252.47,127.39,346311.43,4293.4,244.0,0.0,7769.0
2007-08-18,86.99,119.24,347442.67,1553.6,0.0,0.0,1830.0
2007-08-19,355.57,160.02,345533.28,6137.2,1025.0,8912.0,5989.0
2007-08-20,334.71,155.88,347473.0,5707.2,1032.0,6965.0,7383.0
2007-08-21,160.64,157.31,346425.2,2824.0,0.0,38.0,3296.0
2007-08-22,302.45,154.29,346776.94,5142.6,3048.0,1836.0,7241.0
2007-08-23,278.08,157.95,346532.12,4795.6,2502.0,259.0,5342.0
2007-08-24,414.05,262.69,346071.79,7106.6,1891.0,3782.0,9944.0
2007-08-25,287.72,272.55,345398.15,5117.4,4149.0,2191.0,5678.0
2007-08-26,328.73,299.39,345529.32,5778.2,1541.0,3645.0,5658.0
2007-08-27,302.93,299.08,345489.96,5315.4,2305.0,1229.0,6344.0
2007-08-28,249.25,181.11,344951.82,4314.4,1038.0,2468.0,5483.0
2007-08-29,187.0,175.43,346672.79,3282.6,957.0,562.0,4932.0
2007-08-30,300.61,191.05,346425.37,5190.2,3822.0,2580.0,4221.0
2007-08-31,319.96,187.26,345579.41,5455.4,1200.0,666.0,8738.0
2007-09-01,425.37,289.85,344672.27,7294.2,2497.0,569.0,9733.0
2007-09-02,415.62,231.6,345665.28,7224.8,3613.0,1617.0,8806.0
2007-09-03,259.73,188.42,345053.3,4508.2,621.0,2515.0,5323.0
2007-09-04,396.24,179.63,345109.92,6848.6,2928.0,3501.0,9821.0
2007-09-05,309.14,148.86,344373.35,5324.6,0.0,4144.0,6705.0
2007-09-06,225.37,172.03,344649.67,3963.2,0.0,3888.0,3461.0
2007-09-07,334.12,181.74,344205.65,5770.4,3632.0,551.0,9388.0
2007-09-08,367.44,186.33,345211.84,6324.4,3339.0,1801.0,9164.0
2007-09-09,419.88,209.15,344047.89,7277.8,2184.0,4438.0,9233.0
2007-09-10,279.34,177.5,344719.67,4843.8,935.0,595.0,5613.0
2007-09-11,245.89,151.76,345703.67,4251.0,943.0,550.0,5792.0
2007-09-12,321.94,171.79,345621.68,5558.4,0.0,3217.0,7755.0
2007-09-13,286.6,165.96,344606.16,4988.8,1175.0,2523.0,3853.0
2007-09-14,283.87,183.13,344594.73,4960.4,901.0,676.0,5804.0
2007-09-15,273.83,184.47,345602.84,4720.6,0.0,1449.0,6464.0
2007-09-16,413.06,192.35,344967.07,7151.4,3118.0,3064.0,9310.0
2007-09-17,365.3,202.31,344469.31,6355.4,6651.0,926.0,6279.0
2007-09-18,291.88,147.13,343095.37,5058.4,1888.0,2029.0,5425.0
2007-09-19,324.67,151.79,346039.5,5592.0,0.0,2743.0,7937.0
2007-09-20,313.88,132.91,345189.58,5358.2,1056.0,489.0,9996.0
2007-09-21,309.7,152.83,344709.31,5375.0,3130.0,2745.0,6316.0
2007-09-22,294.04,183.43,344855.57,5061.8,944.0,1311.0,7688.0
2007-09-23,354.49,242.97,344880.62,6163.2,2831.0,1929.0,7382.0
2007-09-24,338.63,197.62,343584.87,5873.4,929.0,3935.0,7955.0
2007-09-25,441.09,130.08,342863.44,7497.2,916.0,2253.0,9820.0
2007-09-26,455.57,168.63,344292.53,7732.2,1058.0,9415.0,5661.0
2007-09-27,348.15,150.71,344976.56,5872.0,1066.0,643.0,7324.0
2007-09-28,420.12,222.72,344825.9,7191.6,996.0,3722.0,9952.0
2007-09-29,574.13,182.12,344361.76,9782.2,4085.0,7457.0,8190.0
2007-09-30,379.07,163.59,345693.29,6411.6,1405.0,582.0,10225.0
2007-10-01,430.23,146.73,344505.48,7306.2,1507.0,6622.0,5960.0
2007-10-02,549.72,161.83,343431.06,9322.6,508.0,8022.0,12815.0
2007-10-03,320.11,157.74,344535.94,5472.0,979.0,5024.0,3692.0
2007-10-04,379.61,138.45,344455.31,6414.6,2400.0,444.0,9710.0
2007-10-05,348.52,150.64,343911.04,5889.2,0.0,351.0,9425.0
2007-10-06,439.06,186.19,343268.23,7441.4,4840.0,347.0,9666.0
2007-10-07,526.53,153.18,343909.84,8939.4,2498.0,8255.0,10886.0
2007-10-08,273.81,121.9,344299.03,4652.8,0.0,420.0,5082.0
2007-10-09,421.96,159.8,343985.97,7174.6,2034.0,2147.0,9290.0
2007-10-10,291.74,132.75,344766.47,5023.6,1863.0,2117.0,3345.0
2007-10-11,433.11,153.11,343359.58,7357.0,2630.0,414.0,7806.0
2007-10-12,478.63,137.98,343413.09,8160.6,1020.0,5028.0,11659.0
2007-10-13,481.68,125.2,343822.19,8209.0,969.0,3799.0,8463.0
2007-10-14,515.31,150.05,344305.49,8753.4,2930.0,7494.0,7126.0
2007-10-15,316.58,118.18,344581.5,5359.6,1061.0,339.0,7654.0
2007-10-16,491.11,185.41,343962.17,8385.4,0.0,7871.0,9876.0
2007-10-17,394.23,136.4,344436.67,6677.2,1065.0,453.0,8968.0
2007-10-18,379.63,122.5,345312.41,6384.6,1162.0,317.0,9864.0
2007-10-19,521.41,121.48,345099.13,8788.6,1299.0,3124.0,11648.0
2007-10-20,415.06,139.54,348227.74,6933.2,2363.0,296.0,13225.0
2007-10-21,485.48,154.03,347746.67,8210.4,3712.0,4357.0,7313.0
2007-10-22,413.22,116.41,346385.38,6920.4,0.0,299.0,13027.0
2007-10-23,488.66,127.48,346891.41,8214.0,1067.0,5186.0,10680.0
2007-10-24,466.41,146.78,346763.91,7881.4,4459.0,364.0,9115.0
2007-10-25,463.48,132.2,346280.59,7795.6,1478.0,2433.0,7385.0
2007-10-26,359.39,109.68,346580.43,6286.8,0.0,348.0,5766.0
2007-10-27,446.42,109.19,345889.74,7645.2,1374.0,4856.0,8949.0
2007-10-28,128.04,92.3,346847.12,2138.8,0.0,283.0,1765.0
2007-10-29,136.36,87.0,347318.36,2267.2,0.0,269.0,2749.0
2007-10-30,202.75,89.84,346501.33,3386.0,0.0,1935.0,4256.0
2007-10-31,320.8,107.2,346088.13,5389.0,0.0,4700.0,8915.0
2007-11-01,124.05,85.05,346951.3,2067.8,0.0,293.0,1991.0
2007-11-02,360.9,93.36,344662.54,6051.8,1346.0,2115.0,12245.0
2007-11-03,123.14,88.12,345874.33,2065.4,0.0,282.0,1936.0
2007-11-04,371.42,138.8,345895.95,6313.0,0.0,4387.0,7068.0
2007-11-05,375.15,131.35,345109.12,6330.6,1265.0,397.0,6583.0
2007-11-06,520.59,200.53,343730.82,8855.8,1105.0,5515.0,10690.0
2007-11-07,461.19,193.52,344973.47,7892.8,5042.0,301.0,6374.0
2007-11-08,375.26,134.7,346683.81,6386.4,1715.0,314.0,6500.0
2007-11-09,542.81,113.24,343750.23,9168.8,0.0,4573.0,15375.0
2007-11-10,652.9,237.65,344318.99,11098.0,3697.0,304.0,13767.0
2007-11-11,471.78,185.61,345974.78,7978.4,3445.0,320.0,6024.0
2007-11-12,539.04,137.47,345348.85,9031.6,1018.0,4165.0,13281.0
2007-11-13,553.6,140.95,347217.09,9293.0,978.0,4933.0,11076.0
2007-11-14,512.0,141.59,345522.28,8554.6,1055.0,295.0,16345.0
2007-11-15,373.0,133.07,345578.39,6330.8,1606.0,571.0,7503.0
2007-11-16,577.44,123.98,347016.26,9674.0,1991.0,4660.0,13564.0
2007-11-17,652.52,168.03,346468.93,10942.4,2588.0,2199.0,14990.0
2007-11-18,545.96,161.76,348855.06,9140.6,5201.0,2097.0,7066.0
2007-11-19,430.91,112.03,349583.55,7209.0,1089.0,253.0,10750.0
2007-11-20,523.96,124.83,347527.91,8770.2,1015.0,3954.0,11026.0
2007-11-21,437.96,131.48,347513.84,7360.4,1139.0,549.0,9455.0
2007-11-22,483.09,143.11,347853.67,8145.0,2867.0,297.0,9001.0
2007-11-23,630.65,138.91,346640.21,10570.6,2168.0,6181.0,13685.0
2007-11-24,474.76,150.51,348195.95,7938.2,1573.0,4131.0,13451.0
2007-11-25,348.9,122.78,349432.07,5884.8,3556.0,279.0,5678.0
2007-11-26,392.43,117.05,347207.75,6626.0,1088.0,288.0,8926.0
2007-11-27,700.25,139.99,347502.38,11745.0,1063.0,11020.0,15111.0
2007-11-28,411.24,115.44,349768.52,6876.8,1182.0,769.0,7810.0
2007-11-29,429.81,118.71,349289.97,7221.6,2031.0,283.0,8818.0
2007-11-30,582.93,147.28,350622.36,9730.4,0.0,7941.0,13601.0
2007-12-01,783.74,288.89,345983.16,13235.8,9356.0,353.0,17847.0
2007-12-02,736.55,325.08,346651.21,12410.8,2090.0,6915.0,10636.0
2007-12-03,440.52,131.91,347154.61,7438.4,1141.0,299.0,10428.0
2007-12-04,516.91,145.02,347811.81,8705.0,1012.0,5828.0,8561.0
2007-12-05,538.28,178.4,347368.15,9141.4,3422.0,295.0,10919.0
2007-12-06,621.98,161.94,345182.54,10566.6,4751.0,318.0,11908.0
2007-12-07,442.25,147.64,346566.31,7427.4,459.0,3710.0,10263.0
2007-12-08,553.35,154.34,344966.3,9371.6,1133.0,2354.0,12283.0
2007-12-09,568.65,200.94,345477.71,9650.2,4176.0,2428.0,8728.0
2007-12-10,439.69,125.01,348341.52,7451.4,1102.0,278.0,8281.0
2007-12-11,576.28,133.7,347702.74,9665.6,1050.0,3817.0,12740.0
2007-12-12,397.02,116.89,349165.91,6611.2,1152.0,254.0,7759.0
2007-12-13,461.94,111.49,348231.37,7804.2,1103.0,1448.0,8911.0
2007-12-14,493.7,179.55,348459.73,8291.2,980.0,3849.0,12941.0
2007-12-15,684.22,157.63,347444.13,11491.2,1706.0,3687.0,14313.0
2007-12-16,690.55,126.94,349466.38,11508.8,3410.0,2281.0,12929.0
2007-12-17,449.27,105.1,349138.46,7467.6,1636.0,243.0,10567.0
2007-12-18,655.8,144.08,349833.58,10947.0,1123.0,5810.0,11093.0
2007-12-19,549.01,109.34,349489.58,9121.6,1233.0,2658.0,11679.0
2007-12-20,487.44,119.43,350161.83,8083.2,1859.0,276.0,13592.0
2007-12-21,495.64,106.47,349749.55,8227.8,1191.0,200.0,12251.0
2007-12-22,652.82,141.31,348689.57,10934.6,3819.0,4550.0,12673.0
2007-12-23,602.26,176.27,349283.43,10055.2,1971.0,3091.0,11962.0
2007-12-24,564.46,149.75,349416.61,9431.6,2985.0,2316.0,14350.0
2007-12-25,673.74,151.81,349892.45,11219.0,4588.0,3368.0,9084.0
2007-12-26,645.07,140.31,349045.05,10693.6,1109.0,2773.0,9480.0
2007-12-27,633.05,190.58,348640.72,10650.0,4122.0,1490.0,7960.0
2007-12-28,778.26,206.8,348889.65,13004.0,1980.0,8554.0,15823.0
2007-12-29,824.74,199.89,346392.96,13766.4,4836.0,2434.0,14906.0
2007-12-30,639.73,178.44,348622.81,10750.6,3595.0,3597.0,13485.0
2007-12-31,554.14,145.54,347176.5,9295.2,0.0,3457.0,14071.0
2008-01-01,689.93,142.51,347092.81,11489.2,2461.0,2739.0,12355.0
2008-01-02,411.03,111.67,349081.13,6869.4,0.0,3094.0,8987.0
2008-01-03,377.53,121.18,350031.54,6338.4,1130.0,846.0,6671.0
2008-01-04,572.96,136.71,347433.67,9669.8,1241.0,5326.0,11752.0
2008-01-05,545.81,129.46,343905.04,9283.4,2113.0,286.0,14591.0
2008-01-06,456.3,116.96,344746.5,7761.8,1966.0,2445.0,7824.0
2008-01-07,423.95,116.17,346671.27,7078.0,1288.0,282.0,10294.0
2008-01-08,510.89,127.45,346783.4,8625.6,2197.0,3511.0,9793.0
2008-01-09,447.11,125.34,347412.44,7534.0,1162.0,284.0,8963.0
2008-01-10,473.52,120.5,346762.28,8056.2,1307.0,285.0,9992.0
2008-01-11,426.45,95.48,346190.47,7147.4,1261.0,290.0,7997.0
2008-01-12,717.85,162.72,345542.66,12274.4,5594.0,2621.0,11116.0
2008-01-13,720.41,144.28,345001.97,12158.6,6505.0,340.0,9362.0
2008-01-14,506.23,120.11,346030.57,8661.0,5918.0,339.0,9738.0
2008-01-15,671.73,113.14,346621.66,11363.4,782.0,6883.0,14512.0
2008-01-16,533.96,128.93,346207.89,9100.2,1162.0,3430.0,9391.0
2008-01-17,393.07,116.72,347944.31,6688.8,1007.0,350.0,8657.0
2008-01-18,546.75,119.29,345503.42,9262.4,1034.0,846.0,14983.0
2008-01-19,495.08,134.98,345032.53,8393.6,2521.0,6054.0,8015.0
2008-01-20,435.09,138.61,345520.14,7414.4,1775.0,380.0,4940.0
2008-01-21,464.75,122.4,344973.24,7947.4,0.0,376.0,10447.0
2008-01-22,581.25,143.46,345736.48,9977.4,4670.0,7640.0,7552.0
2008-01-23,470.58,107.98,346906.15,7949.2,1116.0,387.0,13359.0
2008-01-24,411.26,104.31,346722.09,7038.6,1107.0,320.0,5935.0
2008-01-25,559.96,119.63,346615.84,9423.4,0.0,2421.0,11409.0
2008-01-26,708.75,168.42,345254.7,12048.0,4925.0,311.0,15606.0
2008-01-27,595.44,140.76,347477.29,10058.2,3725.0,3818.0,7367.0
2008-01-28,577.05,107.84,346272.16,9748.2,1142.0,280.0,12792.0
2008-01-29,669.01,117.18,346497.27,11292.8,1487.0,6199.0,11077.0
2008-01-30,410.16,116.47,347925.1,6950.0,0.0,261.0,7261.0
2008-01-31,488.48,137.58,348315.48,8342.4,1165.0,267.0,9437.0
2008-02-01,383.66,179.25,346118.79,6505.4,336.0,280.0,7241.0
2008-02-02,734.01,230.97,345778.05,12446.6,6247.0,2764.0,15188.0
2008-02-03,521.14,153.71,346090.64,8835.4,2319.0,4435.0,8452.0
2008-02-04,407.03,104.03,345967.5,6879.2,1161.0,252.0,9531.0
2008-02-05,618.11,152.79,347006.76,10383.2,1098.0,7803.0,13717.0
2008-02-06,417.38,114.26,343315.75,7104.4,2114.0,356.0,8428.0
2008-02-07,379.58,108.71,347141.59,6392.6,0.0,295.0,8089.0
2008-02-08,487.64,119.09,346223.69,8276.0,940.0,1921.0,9563.0
2008-02-09,525.57,144.53,348140.89,8769.6,2050.0,2838.0,10293.0
2008-02-10,546.18,151.74,347436.29,9211.4,2562.0,2955.0,10128.0
2008-02-11,423.0,102.25,348036.76,7101.8,1018.0,297.0,8930.0
2008-02-12,496.95,130.95,344893.18,8419.8,2009.0,1856.0,12138.0
2008-02-13,475.12,128.48,347332.46,8035.4,2530.0,3615.0,7568.0
2008-02-14,401.16,113.65,346701.34,6744.6,1300.0,291.0,9299.0
2008-02-15,501.3,107.95,348322.47,8325.0,1109.0,1723.0,13417.0
2008-02-16,586.74,138.99,347166.08,9927.2,1076.0,2360.0,11599.0
2008-02-17,483.34,120.08,349156.56,8142.4,3182.0,2257.0,6049.0
2008-02-18,378.6,101.97,348572.06,6301.8,0.0,251.0,10345.0
2008-02-19,531.73,137.57,347054.59,8956.4,1881.0,4711.0,11200.0
2008-02-20,563.45,190.27,348004.35,9516.0,3655.0,5516.0,7704.0
2008-02-21,408.46,112.27,346680.56,6895.4,0.0,307.0,8523.0
2008-02-22,433.14,121.69,347667.5,7279.6,1167.0,1985.0,10101.0
2008-02-23,458.49,132.5,344649.26,7781.8,1684.0,2250.0,10040.0
2008-02-24,315.75,107.33,346144.03,5240.0,754.0,332.0,11447.0
2008-02-25,126.12,91.72,345277.45,2096.0,0.0,321.0,1856.0
2008-02-26,126.78,84.59,344927.99,2101.0,0.0,295.0,2013.0
2008-02-27,141.68,86.17,344957.79,2353.2,0.0,326.0,2969.0
2008-02-28,127.3,83.25,345318.15,2112.4,0.0,281.0,2028.0
2008-02-29,333.34,88.95,342775.43,5576.6,0.0,3773.0,8062.0
2008-03-01,285.47,105.16,344781.38,4719.8,0.0,1287.0,2724.0
2008-03-02,290.56,144.71,345234.59,4932.0,0.0,5244.0,2565.0
2008-03-03,260.14,114.33,346106.86,4287.6,0.0,2207.0,1755.0
2008-03-04,417.25,108.96,347078.04,7009.4,1249.0,2443.0,9415.0
2008-03-05,509.3,140.9,347133.95,8598.0,1145.0,9797.0,5529.0
2008-03-06,625.8,106.18,346218.09,10389.0,1082.0,372.0,6965.0
2008-03-07,465.74,129.39,346775.14,7836.0,1235.0,3471.0,9033.0
2008-03-08,562.16,237.08,347890.97,9487.2,6286.0,346.0,8435.0
2008-03-09,390.11,135.57,346674.79,6611.2,2607.0,333.0,4155.0
2008-03-10,404.67,127.12,348087.38,6786.0,2009.0,368.0,8660.0
2008-03-11,550.01,151.1,346210.78,9312.4,1271.0,3901.0,12936.0
2008-03-12,443.56,138.19,347122.38,7448.0,1120.0,2374.0,11042.0
2008-03-13,418.88,128.47,346755.78,7116.0,3263.0,3590.0,5464.0
2008-03-14,552.56,159.75,346503.41,9282.6,980.0,3881.0,14476.0
2008-03-15,394.08,154.41,345885.11,6697.0,2550.0,502.0,5910.0
2008-03-16,450.49,173.65,347464.32,7629.6,2394.0,566.0,11286.0
2008-03-17,426.73,175.27,346759.53,7210.0,236.0,6651.0,9346.0
2008-03-18,479.39,147.44,348377.74,8023.6,1156.0,4019.0,12544.0
2008-03-19,327.11,142.5,349059.19,5508.8,2110.0,411.0,6154.0
2008-03-20,313.32,120.85,348138.12,5269.8,1107.0,478.0,6670.0
2008-03-21,516.61,223.82,347572.67,8695.0,2171.0,4778.0,13275.0
2008-03-22,513.38,185.68,347921.5,8669.2,3322.0,588.0,12405.0
2008-03-23,581.5,152.45,349419.78,9778.4,6279.0,2112.0,13878.0
2008-03-24,493.67,131.05,349255.74,8285.6,1131.0,5988.0,7008.0
2008-03-25,503.96,127.83,348679.03,8453.6,2246.0,3677.0,13494.0
2008-03-26,408.37,133.6,349646.11,6858.8,2547.0,3831.0,7547.0
2008-03-27,342.71,116.44,348617.58,5703.6,0.0,356.0,9022.0
2008-03-28,471.36,137.64,348945.61,7889.8,2325.0,3605.0,11581.0
2008-03-29,617.79,175.07,347405.11,10381.4,5153.0,375.0,17240.0
2008-03-30,536.6,175.97,347275.81,9039.6,5045.0,1315.0,9769.0
2008-03-31,344.39,130.86,349526.94,5768.6,1091.0,411.0,9387.0
2008-04-01,532.26,170.4,347926.76,8931.6,1079.0,6657.0,14515.0
2008-04-02,422.92,142.54,343680.71,7211.0,1106.0,3674.0,7989.0
2008-04-03,282.19,121.24,346599.71,4724.4,0.0,422.0,6901.0
2008-04-04,407.98,125.31,347516.72,6806.0,2133.0,775.0,13246.0
2008-04-05,492.69,203.68,346403.56,8330.2,2929.0,874.0,13644.0
2008-04-06,424.08,150.57,347255.43,7122.8,1124.0,2615.0,7552.0
2008-04-07,384.71,141.28,350248.79,6457.2,2420.0,672.0,9466.0
2008-04-08,664.38,184.18,348575.88,11087.2,2752.0,10713.0,17519.0
2008-04-09,304.71,132.86,348937.5,5073.0,0.0,376.0,9003.0
2008-04-10,369.44,163.68,348406.63,6199.8,3261.0,457.0,6527.0
2008-04-11,469.42,143.89,346692.06,7851.8,1802.0,491.0,14522.0
2008-04-12,700.0,392.27,347130.97,11834.2,7076.0,2499.0,15225.0
2008-04-13,558.25,213.51,346209.59,9434.6,2554.0,5942.0,13007.0
2008-04-14,397.4,154.96,348932.24,6630.2,0.0,425.0,11197.0
2008-04-15,417.6,178.78,347383.79,7069.8,1174.0,3998.0,9874.0
2008-04-16,372.27,125.9,348111.92,6215.2,838.0,403.0,11322.0
2008-04-17,348.97,145.88,347621.18,5910.2,1719.0,417.0,8638.0
2008-04-18,465.6,184.65,346523.87,7859.0,2174.0,3832.0,10921.0
2008-04-19,563.43,245.28,347246.18,9556.0,4319.0,2457.0,14722.0
2008-04-20,447.85,227.85,347663.34,7575.2,1030.0,4544.0,10401.0
2008-04-21,291.04,175.4,348469.19,4902.0,0.0,2673.0,6788.0
2008-04-22,406.92,193.15,346981.99,6872.4,971.0,5093.0,10603.0
2008-04-23,339.33,189.5,347776.33,5713.2,1380.0,492.0,8406.0
2008-04-24,260.94,171.92,346471.67,4403.6,1263.0,522.0,5296.0
2008-04-25,316.93,162.22,347050.3,5328.0,824.0,2004.0,9400.0
2008-04-26,225.79,168.7,346741.29,3793.0,0.0,634.0,3586.0
2008-04-27,252.06,198.12,346906.49,4267.8,693.0,588.0,5488.0
2008-04-28,164.76,167.12,347008.98,2809.0,0.0,621.0,2786.0
2008-04-29,493.15,215.36,346617.94,8309.8,1402.0,5411.0,10481.0
2008-04-30,275.43,171.56,347664.45,4634.8,1057.0,590.0,6653.0
2008-05-01,144.0,150.7,347682.62,2451.4,0.0,530.0,2586.0
2008-05-02,374.44,205.57,347974.48,6304.0,3114.0,584.0,8687.0
2008-05-03,322.4,202.0,346800.51,5473.4,996.0,541.0,6535.0
2008-05-04,367.74,209.42,347587.89,6282.0,2196.0,2872.0,5464.0
2008-05-05,341.73,185.75,346661.07,5756.8,1008.0,378.0,10197.0
2008-05-06,447.5,199.6,346018.06,7554.2,1354.0,5410.0,12200.0
2008-05-07,294.07,190.96,347157.02,4978.8,1030.0,423.0,6649.0
2008-05-08,529.17,253.24,345385.86,8897.0,3667.0,702.0,12717.0
2008-05-09,436.82,229.87,346278.56,7396.0,2229.0,423.0,11904.0
2008-05-10,477.28,289.81,345724.17,8116.4,6950.0,612.0,11714.0
2008-05-11,402.73,275.7,346299.26,6918.0,563.0,1340.0,6930.0
2008-05-12,381.05,229.14,347099.94,6508.0,2082.0,1085.0,11959.0
2008-05-13,369.22,236.47,346138.65,6324.2,823.0,4089.0,8370.0
2008-05-14,396.07,277.37,346620.26,6787.2,2467.0,3436.0,9716.0
2008-05-15,290.69,237.72,346104.57,5071.8,868.0,570.0,6820.0
2008-05-16,412.01,235.2,344573.91,7078.2,2228.0,2565.0,8955.0
2008-05-17,414.36,275.9,344840.92,7130.2,2158.0,935.0,12472.0
2008-05-18,450.99,254.49,345143.07,7789.6,1775.0,5355.0,8626.0
2008-05-19,257.57,175.74,346221.9,4420.0,1014.0,558.0,7503.0
2008-05-20,395.33,184.08,347068.23,6742.4,1352.0,2431.0,11977.0
2008-05-21,331.03,190.33,346695.14,5640.0,1989.0,474.0,9251.0
2008-05-22,244.22,169.82,344880.28,4256.6,996.0,440.0,6475.0
2008-05-23,371.23,178.96,344878.35,6276.4,0.0,1390.0,14734.0
2008-05-24,395.04,285.55,346643.86,6723.4,1027.0,569.0,12833.0
2008-05-25,512.13,290.42,345521.73,8836.6,4307.0,8811.0,6016.0
2008-05-26,322.43,220.7,346123.71,5658.8,985.0,666.0,9284.0
2008-05-27,427.18,207.47,344722.85,7354.6,0.0,5352.0,11478.0
2008-05-28,278.59,235.64,347504.68,4824.8,3138.0,512.0,6709.0
2008-05-29,283.77,186.83,342252.23,5005.0,1004.0,507.0,8703.0
2008-05-30,349.31,182.22,346397.32,6052.2,0.0,3019.0,11298.0
2008-05-31,410.37,249.92,346542.05,7089.2,1764.0,2328.0,11858.0
2008-06-01,462.22,225.34,346497.38,7809.4,1906.0,545.0,11307.0
2008-06-02,268.5,165.16,340372.62,4634.0,960.0,558.0,6341.0
2008-06-03,399.45,173.94,337179.18,6975.6,2897.0,2608.0,9265.0
2008-06-04,397.23,152.4,337977.32,6952.0,1550.0,7682.0,6508.0
2008-06-05,280.02,153.11,338635.91,4892.6,1747.0,506.0,8781.0
2008-06-06,304.43,174.52,345192.39,5287.8,1009.0,506.0,7871.0
2008-06-07,470.62,186.41,344137.6,7966.0,2379.0,2611.0,14593.0
2008-06-08,385.58,188.38,345549.51,6618.4,2536.0,3161.0,9732.0
2008-06-09,331.42,183.64,344785.94,5817.2,1967.0,2085.0,7921.0
2008-06-10,266.77,216.02,345568.39,4615.0,907.0,585.0,8992.0
2008-06-11,280.8,214.37,345822.44,4879.4,977.0,842.0,7566.0
2008-06-12,314.83,189.29,345153.63,5471.0,1951.0,567.0,7246.0
2008-06-13,468.57,281.82,343759.26,8067.0,2809.0,7358.0,10531.0
2008-06-14,346.23,344.28,345620.87,6059.2,1862.0,1011.0,10681.0
2008-06-15,572.28,281.01,344813.37,9754.0,6471.0,6802.0,11589.0
2008-06-16,325.76,204.38,346224.19,5622.8,1980.0,464.0,10012.0
2008-06-17,286.27,175.46,346110.38,4945.8,1080.0,432.0,10094.0
2008-06-18,473.4,272.72,345225.41,8224.4,7549.0,3040.0,12687.0
2008-06-19,397.02,189.42,344552.67,6822.6,3411.0,1514.0,10911.0
2008-06-20,419.03,227.42,345512.43,7211.8,2948.0,2935.0,12417.0
2008-06-21,433.56,239.03,344827.31,7393.2,940.0,5823.0,12828.0
2008-06-22,391.6,294.14,344223.53,6730.6,4705.0,1175.0,10652.0
2008-06-23,312.95,210.96,344070.22,5460.4,2600.0,581.0,10124.0
2008-06-24,438.61,253.02,342598.16,7577.6,2779.0,3489.0,14271.0
2008-06-25,315.44,290.63,344008.66,5631.8,2773.0,569.0,9402.0
2008-06-26,264.0,217.41,344666.02,4624.0,921.0,572.0,8971.0
2008-06-27,438.79,262.01,344066.38,7540.8,4159.0,2372.0,10163.0
2008-06-28,302.2,210.95,344365.03,5307.8,0.0,2000.0,7932.0
2008-06-29,187.34,183.66,345831.33,3356.8,955.0,535.0,3896.0
2008-06-30,201.05,189.53,346141.61,3570.0,0.0,521.0,6819.0
2008-07-01,303.81,277.79,344938.02,5385.6,3465.0,587.0,8390.0
2008-07-02,286.8,266.54,344105.25,5140.2,962.0,650.0,7002.0
2008-07-03,274.59,213.75,345075.11,4814.2,958.0,2569.0,7410.0
2008-07-04,235.5,188.13,345858.7,4072.8,0.0,589.0,8302.0
2008-07-05,367.27,224.78,344973.27,6316.6,1875.0,6754.0,8365.0
2008-07-06,451.27,253.58,346449.93,7717.6,4258.0,5230.0,7536.0
2008-07-07,245.85,202.81,345072.55,4274.8,2171.0,592.0,7149.0
2008-07-08,281.55,196.32,345168.9,4854.8,991.0,503.0,7592.0
2008-07-09,229.83,191.72,346074.59,3996.4,951.0,499.0,7352.0
2008-07-10,312.82,240.24,345409.57,5390.6,982.0,552.0,8186.0
2008-07-11,313.55,251.04,344904.35,5446.4,724.0,558.0,9251.0
2008-07-12,332.21,266.12,345685.36,5832.6,4436.0,2617.0,7231.0
2008-07-13,313.44,166.91,345538.77,5420.0,1671.0,3164.0,7056.0
2008-07-14,284.48,209.67,346311.63,4941.6,2564.0,1995.0,6436.0
2008-07-15,288.96,190.94,345285.28,4947.4,968.0,552.0,8585.0
2008-07-16,269.27,206.46,346454.47,4661.0,1537.0,2799.0,4978.0
2008-07-17,329.78,239.51,345480.53,5798.4,1122.0,723.0,8280.0
2008-07-18,315.4,195.61,344991.15,5381.2,1143.0,552.0,9260.0
2008-07-19,336.0,208.03,344377.61,5788.4,2941.0,3146.0,7676.0
2008-07-20,235.38,172.58,345279.88,4084.4,1943.0,1076.0,5457.0
2008-07-21,289.12,172.45,344306.44,5014.2,1698.0,431.0,9189.0
2008-07-22,185.06,161.13,345125.24,3272.6,0.0,430.0,4886.0
2008-07-23,235.66,162.39,345738.41,4103.2,1233.0,454.0,6325.0
2008-07-24,273.36,185.88,345432.62,4639.0,837.0,476.0,8344.0
2008-07-25,216.38,182.71,344242.39,3770.4,1168.0,492.0,6731.0
2008-07-26,203.92,213.32,345641.32,3592.0,0.0,948.0,6243.0
2008-07-27,286.85,233.14,343398.47,5058.0,1063.0,858.0,8385.0
2008-07-28,206.45,198.51,345590.92,3707.0,0.0,509.0,5963.0
2008-07-29,291.64,208.38,345958.39,5242.8,1571.0,530.0,5802.0
2008-07-30,324.98,227.54,344283.25,5853.8,2548.0,773.0,6278.0
2008-07-31,348.16,243.48,345737.77,6093.8,1533.0,2808.0,7588.0
2008-08-01,184.89,252.7,345319.83,3352.2,586.0,1150.0,5091.0
2008-08-02,126.44,178.29,344345.37,2286.6,0.0,504.0,3803.0
2008-08-03,126.2,166.05,341358.39,2270.4,0.0,499.0,3926.0
2008-08-04,281.48,193.62,342285.52,4917.4,596.0,4677.0,4410.0
2008-08-05,206.78,180.25,343780.5,3608.6,635.0,509.0,7118.0
2008-08-06,81.53,214.5,346414.79,1570.2,0.0,513.0,2215.0
2008-08-07,83.72,214.94,344609.75,1613.8,0.0,526.0,2357.0
2008-08-08,75.55,196.45,344817.42,1448.0,0.0,481.0,1980.0
2008-08-09,89.73,199.99,346623.06,1670.8,0.0,489.0,1902.0
2008-08-10,88.01,189.11,345981.44,1616.4,0.0,464.0,1905.0
2008-08-11,92.98,187.62,346634.39,1685.8,0.0,489.0,1880.0
2008-08-12,72.25,187.04,345669.53,1373.0,0.0,462.0,1844.0
2008-08-13,70.65,183.84,346854.98,1341.4,0.0,451.0,1789.0
2008-08-14,67.56,177.97,347242.87,1274.4,0.0,441.0,1641.0
2008-08-15,68.41,178.18,347267.76,1290.2,0.0,439.0,1691.0
2008-08-16,68.7,181.68,348617.3,1295.2,0.0,442.0,1688.0
2008-08-17,68.7,179.52,347304.17,1292.8,0.0,445.0,1710.0
2008-08-18,68.44,178.1,347552.41,1287.8,0.0,440.0,1719.0
2008-08-19,68.67,180.62,346888.42,1300.8,0.0,442.0,1697.0
2008-08-20,67.12,178.06,347822.94,1272.0,0.0,437.0,1626.0
2008-08-21,65.32,168.97,346025.76,1223.6,0.0,432.0,1577.0
2008-08-22,66.78,174.65,346870.43,1255.8,0.0,438.0,1614.0
2008-08-23,63.66,169.42,348685.43,1196.4,0.0,419.0,1485.0
2008-08-24,63.68,163.91,347923.32,1190.0,0.0,404.0,1523.0
2008-08-25,62.57,163.87,347722.52,1164.0,0.0,422.0,1436.0
2008-08-26,64.39,166.57,347212.15,1205.6,0.0,420.0,1533.0
2008-08-27,64.53,165.87,346430.11,1199.8,0.0,399.0,1539.0
2008-08-28,67.06,174.1,346381.42,1260.0,0.0,432.0,1631.0
2008-08-29,66.9,171.19,346083.05,1260.0,0.0,430.0,1599.0
2008-08-30,67.61,177.55,346340.15,1276.2,0.0,435.0,1619.0
2008-08-31,375.15,210.42,345385.38,6404.0,2056.0,3733.0,12117.0
2008-09-01,311.88,184.49,345478.91,5374.8,950.0,521.0,10183.0
2008-09-02,346.04,224.63,344633.71,5963.8,4273.0,1206.0,6648.0
2008-09-03,347.12,179.29,345642.42,5930.8,1326.0,1902.0,10213.0
2008-09-04,306.3,151.87,343675.43,5262.8,2225.0,404.0,9408.0
2008-09-05,218.49,147.24,345010.45,3752.0,379.0,431.0,6943.0
2008-09-06,467.14,238.29,344649.28,7955.2,2948.0,6500.0,13400.0
2008-09-07,343.16,176.44,346447.71,5876.4,3612.0,1707.0,5976.0
2008-09-08,327.33,160.57,347589.83,5548.8,747.0,2293.0,9559.0
2008-09-09,289.91,180.67,345285.6,4988.8,236.0,453.0,7728.0
2008-09-10,325.19,166.43,344852.04,5554.8,1009.0,399.0,10281.0
2008-09-11,257.18,192.04,344303.72,4435.6,1005.0,417.0,7644.0
2008-09-12,348.19,178.3,345554.37,5968.2,1867.0,402.0,8738.0
2008-09-13,407.86,186.19,345779.35,6941.0,930.0,5433.0,11807.0
2008-09-14,394.08,193.75,345440.14,6818.4,4673.0,445.0,6538.0
2008-09-15,424.43,136.12,345968.51,7303.4,960.0,364.0,10322.0
2008-09-16,305.47,156.06,346966.2,5211.8,0.0,368.0,8249.0
2008-09-17,379.8,177.17,346545.61,6465.2,1910.0,3727.0,9371.0
2008-09-18,376.32,189.38,346071.08,6404.2,4202.0,357.0,7991.0
2008-09-19,379.71,166.77,346114.24,6449.4,1569.0,351.0,12367.0
2008-09-20,326.15,156.2,346455.53,5480.0,0.0,370.0,12477.0
2008-09-21,383.27,206.26,346953.83,6566.8,4010.0,2381.0,8347.0
2008-09-22,339.64,151.52,345901.19,5778.2,1014.0,2448.0,10227.0
2008-09-23,308.2,165.13,345864.04,5305.2,0.0,2168.0,7920.0
2008-09-24,429.59,173.47,345781.14,7245.6,2019.0,4730.0,10548.0
2008-09-25,282.8,173.77,346018.07,4815.0,1012.0,751.0,8485.0
2008-09-26,357.86,211.57,346166.82,6105.0,1221.0,370.0,10890.0
2008-09-27,531.86,257.04,345810.93,9012.4,4347.0,2584.0,12688.0
2008-09-28,432.78,163.97,346000.92,7314.6,1920.0,385.0,11242.0
2008-09-29,375.43,199.43,345980.19,6349.6,1014.0,363.0,10677.0
2008-09-30,343.75,155.09,346440.63,5795.6,998.0,360.0,7415.0
2008-10-01,468.09,181.26,347225.2,7894.2,2249.0,5800.0,10808.0
2008-10-02,336.34,153.68,346072.67,5686.0,0.0,367.0,9060.0
2008-10-03,403.14,158.6,345372.49,6833.8,4801.0,349.0,9432.0
2008-10-04,525.12,216.2,345851.14,8848.6,3462.0,629.0,12573.0
2008-10-05,387.49,146.3,345798.06,6529.2,990.0,3257.0,6071.0
2008-10-06,355.95,125.2,344331.47,6071.6,990.0,286.0,9562.0
2008-10-07,431.64,187.23,343948.13,7439.2,1016.0,419.0,9476.0
2008-10-08,465.14,152.41,345670.58,7821.0,1044.0,5126.0,11650.0
2008-10-09,495.92,181.9,344556.61,8369.8,1032.0,3064.0,11652.0
2008-10-10,379.58,148.04,345074.19,6389.0,0.0,389.0,12046.0
2008-10-11,417.35,154.85,344422.97,7064.6,2144.0,2335.0,11373.0
2008-10-12,476.98,161.81,345818.22,8085.8,2561.0,5822.0,7171.0
2008-10-13,365.49,147.89,346765.57,6126.2,1037.0,535.0,9483.0
2008-10-14,402.26,164.29,344470.65,6811.4,1177.0,442.0,9939.0
2008-10-15,539.22,168.46,344889.78,9112.6,1998.0,7042.0,9984.0
2008-10-16,395.92,136.84,344538.5,6712.2,951.0,429.0,8438.0
2008-10-17,466.72,153.52,345668.58,7885.2,2036.0,3187.0,9639.0
2008-10-18,559.8,162.63,345363.02,9427.8,799.0,1655.0,12146.0
2008-10-19,492.98,181.6,345661.27,8359.6,698.0,8010.0,4600.0
2008-10-20,416.89,137.81,346222.79,6998.8,844.0,2648.0,10475.0
2008-10-21,515.93,152.34,345212.19,8756.4,857.0,2663.0,11331.0
2008-10-22,411.5,149.34,346774.7,6965.2,662.0,2542.0,8487.0
2008-10-23,457.62,161.21,346174.62,7739.4,815.0,1435.0,10587.0
2008-10-24,533.31,168.01,346195.72,9024.4,7893.0,2277.0,10284.0
2008-10-25,380.79,111.24,336621.16,6363.0,737.0,394.0,13433.0
2008-10-26,130.87,115.53,348657.79,2158.8,0.0,360.0,2013.0
2008-10-27,130.97,128.98,348808.4,2173.2,0.0,402.0,1967.0
2008-10-28,331.82,145.08,347510.58,5548.6,2263.0,362.0,5090.0
2008-10-29,403.14,133.28,348177.02,6630.2,1037.0,345.0,4015.0
2008-10-30,274.65,123.03,348599.94,4713.6,0.0,345.0,2619.0
2008-10-31,321.46,104.35,347514.87,5423.6,0.0,312.0,10483.0
2008-11-01,207.62,113.67,348206.74,3781.0,0.0,344.0,1939.0
2008-11-02,227.65,120.47,348704.27,4124.2,0.0,346.0,2824.0
2008-11-03,211.9,115.25,348141.77,3837.6,963.0,347.0,1892.0
2008-11-04,390.58,121.48,346755.52,6699.4,0.0,6214.0,4106.0
2008-11-05,783.73,257.82,344852.31,13304.4,7597.0,10409.0,8362.0
2008-11-06,397.11,181.47,346161.91,6806.4,1033.0,430.0,6734.0
2008-11-07,404.8,109.99,345242.57,6846.6,1032.0,389.0,10421.0
2008-11-08,433.28,133.17,344603.56,7350.8,1114.0,3271.0,6069.0
2008-11-09,644.63,210.95,343373.86,10974.2,6301.0,661.0,14348.0
2008-11-10,522.97,155.49,343661.32,8858.6,1023.0,355.0,10285.0
2008-11-11,613.99,128.08,345425.32,10344.0,2475.0,2288.0,14651.0
2008-11-12,546.62,158.82,345676.45,9129.4,1066.0,2712.0,9430.0
2008-11-13,309.62,125.42,347901.01,5223.2,0.0,338.0,6315.0
2008-11-14,405.43,127.89,347071.42,6848.0,2092.0,325.0,9929.0
2008-11-15,757.91,165.16,343633.13,12907.0,3952.0,3799.0,15635.0
2008-11-16,591.36,163.13,346311.56,9963.4,4791.0,1829.0,8945.0
2008-11-17,380.91,118.87,347234.3,6353.4,0.0,378.0,10590.0
2008-11-18,437.26,139.28,345458.94,7404.2,1079.0,369.0,11204.0
2008-11-19,460.06,166.45,346377.05,7794.6,1737.0,3026.0,8704.0
2008-11-20,423.08,121.19,345338.09,7177.6,1034.0,347.0,7732.0
2008-11-21,418.48,127.55,345496.8,7123.0,1039.0,348.0,10396.0
2008-11-22,427.84,124.87,345213.81,7271.4,1093.0,882.0,8320.0
2008-11-23,851.33,206.94,344136.08,14463.6,3631.0,8823.0,10272.0
2008-11-24,803.25,121.62,346117.66,13371.0,1063.0,510.0,13378.0
2008-11-25,675.71,150.56,346940.07,11266.4,3010.0,345.0,10471.0
2008-11-26,378.99,120.0,349057.29,6273.2,909.0,304.0,10002.0
2008-11-27,590.55,126.22,347673.62,9851.2,2491.0,330.0,12440.0
2008-11-28,471.49,128.43,350015.78,7789.8,1113.0,295.0,11361.0
2008-11-29,608.67,166.51,347386.69,10157.2,5268.0,2392.0,12386.0
2008-11-30,600.35,170.9,349019.37,10016.0,1161.0,3481.0,11474.0
2008-12-01,404.13,118.68,350562.01,6852.2,1085.0,309.0,9013.0
2008-12-02,448.36,145.91,350466.29,7509.8,0.0,304.0,11343.0
2008-12-03,438.79,124.72,350472.57,7300.2,1137.0,302.0,9664.0
2008-12-04,434.66,113.99,350586.92,7234.2,1085.0,281.0,11314.0
2008-12-05,514.65,120.03,349885.31,8593.4,831.0,310.0,9852.0
2008-12-06,630.96,188.14,347236.65,10596.0,4005.0,5749.0,9048.0
2008-12-07,616.68,180.22,348823.5,10306.6,3294.0,310.0,13627.0
2008-12-08,467.16,120.78,350973.53,7751.8,1117.0,296.0,13256.0
2008-12-09,500.79,132.52,350720.14,8291.0,1985.0,2553.0,12886.0
2008-12-10,527.76,137.01,333596.17,8726.2,1128.0,4144.0,10889.0
2008-12-11,358.13,114.92,350522.44,5935.6,1160.0,273.0,7979.0
2008-12-12,453.88,139.34,349981.95,7519.2,1157.0,255.0,12154.0
2008-12-13,456.39,163.28,347815.51,7663.4,2186.0,261.0,9271.0
2008-12-14,500.53,164.01,347936.83,8469.4,3742.0,2497.0,5415.0
2008-12-15,448.86,113.74,349976.45,7475.0,1178.0,252.0,9668.0
2008-12-16,449.27,114.6,351187.06,7477.4,0.0,253.0,11334.0
2008-12-17,524.7,136.22,350371.46,8755.6,4251.0,284.0,10813.0
2008-12-18,434.24,118.07,349717.05,7184.6,1125.0,258.0,11293.0
2008-12-19,470.53,132.15,348287.29,7891.4,1538.0,296.0,11773.0
2008-12-20,560.63,160.69,349052.47,9353.2,1132.0,6479.0,12819.0
2008-12-21,660.9,135.07,348076.92,11034.2,1099.0,9189.0,14816.0
2008-12-22,503.95,124.87,348284.87,8434.2,2157.0,391.0,10433.0
2008-12-23,449.52,151.08,348149.59,7561.0,2666.0,2115.0,8326.0
2008-12-24,317.41,115.32,351303.3,5232.4,0.0,364.0,9981.0
2008-12-25,265.28,116.88,350255.61,4375.6,0.0,285.0,3598.0
2008-12-26,305.93,124.22,351869.27,5041.0,1121.0,279.0,7796.0
2008-12-27,743.04,118.13,350369.13,12141.8,0.0,244.0,12209.0
2008-12-28,392.66,112.25,352166.95,6364.8,1953.0,217.0,5291.0
2008-12-29,138.82,91.64,352734.85,2273.6,0.0,218.0,2480.0
2008-12-30,298.81,113.21,352278.96,4898.6,0.0,245.0,7145.0
2008-12-31,491.05,129.27,350347.13,8190.2,2975.0,246.0,11860.0
2009-01-01,351.67,112.67,349683.93,5975.8,765.0,3845.0,2803.0
2009-01-02,581.88,204.73,349495.04,9702.4,2417.0,6018.0,11841.0
2009-01-03,478.37,174.91,350901.3,7964.4,6440.0,328.0,10439.0
2009-01-04,485.0,167.34,352544.3,8111.8,1457.0,5251.0,3245.0
2009-01-05,401.0,128.94,352556.32,6676.2,1247.0,322.0,8650.0
2009-01-06,422.47,115.56,352933.44,6961.0,0.0,254.0,12462.0
2009-01-07,520.07,141.5,354298.52,8563.4,2687.0,3820.0,9979.0
2009-01-08,408.32,124.37,353305.06,6797.8,2773.0,299.0,10075.0
2009-01-09,447.18,115.57,352256.27,7462.2,1802.0,272.0,9285.0
2009-01-10,525.74,161.73,351533.5,8768.0,2828.0,4288.0,12539.0
2009-01-11,494.0,143.24,353565.43,8301.2,4521.0,5301.0,5887.0
2009-01-12,397.32,112.43,353558.98,6500.0,0.0,261.0,12147.0
2009-01-13,545.65,134.14,352020.01,9006.2,1140.0,329.0,16194.0
2009-01-14,444.07,120.66,351992.98,7339.2,2277.0,332.0,10301.0
2009-01-15,391.02,115.55,349950.64,6509.6,2731.0,390.0,9561.0
2009-01-16,691.64,179.92,349299.32,11578.4,5811.0,3158.0,15220.0
2009-01-17,829.46,164.54,347949.42,13793.6,2477.0,3154.0,15322.0
2009-01-18,788.55,209.84,349407.48,13201.4,5649.0,6701.0,12727.0
2009-01-19,424.97,119.27,350101.69,7091.2,1118.0,376.0,10279.0
2009-01-20,434.51,133.88,350495.79,7170.8,0.0,282.0,13727.0
2009-01-21,434.86,128.04,351511.47,7189.8,1148.0,2159.0,9830.0
2009-01-22,309.34,115.6,351369.15,5169.6,0.0,341.0,8246.0
2009-01-23,477.63,126.3,349587.29,7964.4,2078.0,295.0,12146.0
2009-01-24,550.19,169.97,350281.09,9203.2,5096.0,4492.0,8322.0
2009-01-25,710.92,147.77,349263.35,11738.0,3971.0,5960.0,11213.0
2009-01-26,418.62,113.28,350208.39,6961.6,1121.0,348.0,9821.0
2009-01-27,356.26,135.64,351270.15,6001.8,896.0,278.0,6608.0
2009-01-28,680.43,116.02,349966.4,11276.6,2301.0,6949.0,14285.0
2009-01-29,393.42,104.31,350442.5,6527.0,0.0,294.0,8996.0
2009-01-30,514.76,120.09,351777.36,8521.8,1622.0,280.0,12147.0
2009-01-31,828.21,238.71,349158.79,13871.8,8278.0,6575.0,15309.0
2009-02-01,451.86,149.58,343160.33,7564.8,3330.0,622.0,7494.0
2009-02-02,400.82,106.59,352619.75,6596.8,1159.0,232.0,10915.0
2009-02-03,467.1,123.01,351795.92,7695.2,703.0,878.0,14984.0
2009-02-04,615.23,151.6,352348.84,10139.6,871.0,6961.0,15960.0
2009-02-05,412.27,122.19,351151.29,6858.0,1104.0,264.0,12987.0
2009-02-06,512.1,126.87,350336.06,8527.2,1165.0,273.0,11716.0
2009-02-07,782.88,184.64,348553.33,13076.6,6822.0,4483.0,17873.0
2009-02-08,545.72,134.02,350430.58,9114.6,5341.0,259.0,15174.0
2009-02-09,426.66,134.61,350383.66,7150.4,1063.0,228.0,9375.0
2009-02-10,485.96,115.83,350147.19,8041.2,1128.0,263.0,12339.0
2009-02-11,659.85,239.36,348620.49,11133.0,2985.0,10477.0,12195.0
2009-02-12,492.16,119.28,349792.6,8183.0,1109.0,299.0,17724.0
2009-02-13,422.51,109.19,348038.4,7044.2,1100.0,254.0,11554.0
2009-02-14,583.15,118.77,347929.95,9677.0,2280.0,3256.0,18509.0
2009-02-15,396.51,114.02,349695.27,6482.0,2465.0,226.0,5234.0
2009-02-16,329.75,111.81,348685.93,5512.6,0.0,261.0,7037.0
2009-02-17,195.42,112.69,343042.77,3255.2,0.0,266.0,3925.0
2009-02-18,206.61,113.06,348812.78,3392.4,0.0,297.0,5471.0
2009-02-19,184.32,99.38,347831.41,3040.6,1046.0,262.0,1796.0
2009-02-20,470.18,147.04,345874.62,7970.4,2897.0,293.0,8768.0
2009-02-21,329.05,155.4,346974.25,5481.6,2111.0,262.0,3983.0
2009-02-22,559.62,175.83,347495.48,9410.0,3816.0,8576.0,7133.0
2009-02-23,683.41,129.8,347386.87,11337.2,1212.0,3744.0,12471.0
2009-02-24,445.79,123.35,346878.61,7441.4,0.0,1602.0,14512.0
2009-02-25,292.46,113.07,347330.83,4914.0,1092.0,274.0,7359.0
2009-02-26,289.21,112.6,346654.61,4842.8,0.0,268.0,6841.0
2009-02-27,507.23,202.12,346990.59,8501.0,1154.0,246.0,14831.0
2009-02-28,407.69,212.59,349052.08,6961.4,1145.0,5358.0,8006.0
2009-03-01,616.91,189.11,348438.42,10392.0,11178.0,2740.0,8834.0
2009-03-02,369.36,135.36,348828.26,6337.6,1560.0,310.0,6684.0
2009-03-03,462.24,127.9,349772.19,7699.8,1159.0,268.0,13024.0
2009-03-04,460.53,129.43,349033.66,7772.0,2214.0,2570.0,8393.0
2009-03-05,360.45,112.46,348018.63,6124.8,0.0,271.0,9094.0
2009-03-06,445.87,128.96,346742.37,7579.6,1144.0,265.0,12056.0
2009-03-07,424.12,149.87,349159.17,7107.8,1055.0,811.0,12113.0
2009-03-08,589.29,194.19,348710.1,9909.8,7253.0,5260.0,12691.0
2009-03-09,421.39,136.04,349174.52,7062.4,2001.0,369.0,10336.0
2009-03-10,459.05,114.9,348232.95,7690.6,0.0,281.0,11610.0
2009-03-11,601.48,137.24,348222.49,10119.8,3476.0,7288.0,10737.0
2009-03-12,471.82,134.77,348477.73,7859.4,0.0,364.0,13655.0
2009-03-13,361.38,138.68,349570.52,6006.8,1082.0,311.0,10466.0
2009-03-14,537.26,155.25,348737.48,8908.0,2196.0,280.0,18036.0
2009-03-15,485.52,177.75,348150.4,8202.6,3478.0,5152.0,8353.0
2009-03-16,333.68,119.26,348830.71,5537.4,0.0,306.0,9273.0
2009-03-17,482.98,234.99,348417.25,8135.0,1110.0,3952.0,12320.0
2009-03-18,362.67,121.91,349690.49,6020.8,1123.0,375.0,12101.0
2009-03-19,297.88,116.41,349597.84,4931.8,0.0,314.0,9458.0
2009-03-20,365.98,130.04,349799.74,6073.6,1083.0,308.0,10618.0
2009-03-21,482.51,197.66,349319.12,8167.4,5420.0,682.0,10266.0
2009-03-22,422.29,130.28,347799.76,7128.8,2017.0,3778.0,9015.0
2009-03-23,324.11,120.12,348557.26,5456.8,1078.0,310.0,5999.0
2009-03-24,415.43,146.84,349177.1,7047.8,1710.0,352.0,10149.0
2009-03-25,459.69,194.04,350082.81,7708.4,2780.0,3315.0,10287.0
2009-03-26,302.75,119.75,349827.49,5042.4,0.0,312.0,8596.0
2009-03-27,428.48,181.07,349385.25,7221.8,1103.0,526.0,9947.0
2009-03-28,565.24,276.7,348675.29,9508.8,4527.0,327.0,12225.0
2009-03-29,554.16,137.09,349269.94,9242.4,1611.0,4024.0,9502.0
2009-03-30,369.36,131.32,349529.07,6198.8,1085.0,295.0,9901.0
2009-03-31,455.87,137.99,348721.78,7645.0,2202.0,2711.0,12958.0
2009-04-01,410.28,143.05,349784.69,6923.4,2807.0,2364.0,7309.0
2009-04-02,411.08,124.76,348825.08,6856.4,1128.0,324.0,13500.0
2009-04-03,340.82,132.6,348209.12,5735.4,0.0,326.0,8556.0
2009-04-04,547.81,199.73,347688.94,9211.0,2699.0,4172.0,16251.0
2009-04-05,343.93,183.01,348931.74,5921.4,3832.0,357.0,6503.0
2009-04-06,363.16,131.54,348913.65,6084.8,799.0,333.0,10141.0
2009-04-07,360.02,152.73,348464.76,6093.0,1103.0,338.0,9121.0
2009-04-08,383.65,161.35,348854.01,6520.2,2131.0,2827.0,7968.0
2009-04-09,472.62,176.94,348907.43,7869.0,2682.0,366.0,13482.0
2009-04-10,460.53,165.79,348529.66,7674.0,2057.0,2822.0,13828.0
2009-04-11,615.61,253.67,346995.73,10332.4,3661.0,4286.0,18233.0
2009-04-12,535.25,281.67,346180.75,9119.2,7498.0,1504.0,12470.0
2009-04-13,399.66,199.44,346747.02,6813.0,1006.0,5648.0,6209.0
2009-04-14,375.38,188.58,347748.95,6386.4,888.0,2341.0,9478.0
2009-04-15,304.02,190.89,347501.82,5199.8,1880.0,463.0,5278.0
2009-04-16,391.13,179.02,346285.5,6658.8,2896.0,397.0,9809.0
2009-04-17,510.7,171.2,347511.93,8592.4,0.0,5224.0,7655.0
2009-04-18,378.07,146.96,347106.6,6376.4,1028.0,2613.0,10699.0
2009-04-19,321.62,153.6,349428.29,5397.8,2201.0,376.0,8088.0
2009-04-20,371.63,169.5,348342.56,6240.0,0.0,2644.0,10476.0
2009-04-21,473.65,182.73,346533.79,7970.8,1925.0,375.0,7380.0
2009-04-22,374.05,203.91,347435.79,6296.8,1024.0,1203.0,13265.0
2009-04-23,285.36,175.45,347752.28,4899.2,1068.0,395.0,5511.0
2009-04-24,298.51,180.82,348177.72,5083.0,0.0,383.0,9677.0
2009-04-25,505.57,235.59,346332.0,8548.0,2007.0,3901.0,13225.0
2009-04-26,445.41,229.62,348285.49,7548.6,3053.0,3017.0,10561.0
2009-04-27,337.91,160.41,347041.77,5766.0,995.0,376.0,7021.0
2009-04-28,426.6,160.37,348465.78,7285.0,2068.0,371.0,11469.0
2009-04-29,416.17,141.62,348748.62,6996.2,1043.0,2492.0,9372.0
2009-04-30,458.69,138.06,348342.24,7666.4,1027.0,363.0,15305.0
2009-05-01,378.2,190.46,347433.25,6370.8,1067.0,1052.0,11709.0
2009-05-02,348.48,179.62,348311.38,5871.6,1430.0,374.0,9760.0
2009-05-03,402.22,179.7,348575.52,6857.2,3207.0,2593.0,7226.0
2009-05-04,416.97,146.06,347666.73,6971.6,1007.0,411.0,11374.0
2009-05-05,432.87,141.91,346778.63,7282.4,1049.0,5539.0,10166.0
2009-05-06,337.48,146.38,346891.27,5716.4,1038.0,1797.0,9058.0
2009-05-07,253.16,135.01,347289.86,4280.8,0.0,374.0,7992.0
2009-05-08,464.29,154.88,346787.73,7801.6,2226.0,848.0,15426.0
2009-05-09,315.34,182.98,347866.89,5420.8,2090.0,382.0,6605.0
2009-05-10,491.64,204.9,346902.43,8409.4,4300.0,6670.0,8692.0
2009-05-11,379.29,158.44,345961.91,6380.6,1035.0,457.0,11009.0
2009-05-12,406.49,150.02,346142.56,6867.2,0.0,2713.0,11335.0
2009-05-13,311.6,171.57,346515.81,5338.6,1419.0,553.0,7127.0
2009-05-14,401.75,151.91,345685.71,6920.2,0.0,4065.0,11499.0
2009-05-15,355.56,140.55,346978.37,6023.2,1382.0,494.0,12195.0
2009-05-16,501.84,186.5,345583.81,8475.0,1705.0,4820.0,12265.0
2009-05-17,385.94,226.46,346033.05,6631.8,2555.0,1926.0,7168.0
2009-05-18,302.48,154.56,346980.49,5066.2,763.0,374.0,8971.0
2009-05-19,404.34,188.88,347029.83,6770.2,3253.0,792.0,10981.0
2009-05-20,326.79,182.38,347500.38,5528.8,1061.0,1889.0,9470.0
2009-05-21,393.79,212.4,347067.51,6636.2,1553.0,1278.0,12563.0
2009-05-22,268.7,237.24,348431.81,4609.4,982.0,1207.0,8078.0
2009-05-23,382.65,193.25,346418.52,6472.0,480.0,1844.0,12579.0
2009-05-24,321.95,177.2,348505.87,5429.6,45.0,446.0,10256.0
2009-05-25,338.52,183.16,343340.5,5762.6,920.0,966.0,9930.0
2009-05-26,334.42,126.17,333068.63,5812.2,1191.0,860.0,10100.0
2009-05-27,386.07,124.9,332845.88,6729.8,1052.0,2355.0,11076.0
2009-05-28,294.93,128.79,336531.4,5058.6,1502.0,421.0,9049.0
2009-05-29,310.71,147.15,347844.53,5232.2,1005.0,434.0,10112.0
2009-05-30,414.78,233.69,347275.31,7060.4,2787.0,1707.0,11557.0
2009-05-31,239.22,200.62,347696.85,4156.8,1466.0,458.0,5720.0
2009-06-01,360.82,229.88,347521.14,6208.2,2789.0,461.0,11361.0
2009-06-02,272.66,223.7,347947.63,4849.6,0.0,506.0,7892.0
2009-06-03,339.14,200.93,346184.53,5870.4,940.0,1370.0,11577.0
2009-06-04,258.92,164.66,345614.69,4440.2,1906.0,455.0,6905.0
2009-06-05,307.59,156.95,345403.02,5256.0,0.0,456.0,12515.0
2009-06-06,368.86,233.5,346437.85,6356.6,1769.0,2732.0,10611.0
2009-06-07,301.85,218.93,347066.73,5225.6,2077.0,1641.0,6034.0
2009-06-08,294.69,129.36,345693.21,5100.6,1024.0,432.0,8551.0
2009-06-09,333.21,154.4,346929.86,5699.2,1000.0,414.0,10695.0
2009-06-10,400.75,159.21,346631.16,6816.8,1032.0,4745.0,9889.0
2009-06-11,325.16,159.93,347293.52,5548.8,0.0,472.0,10610.0
2009-06-12,275.43,152.7,346949.77,4703.0,1009.0,460.0,7137.0
2009-06-13,3.55,3.92,7315.58,60.2,0.0,5.0,79.0
2009-06-14,0.0,0.0,0.0,0.0,0.0,0.0,0.0
2009-06-15,192.98,153.83,237071.21,3332.6,916.0,348.0,5662.0
2009-06-16,377.2,212.19,346796.9,6458.2,2983.0,1221.0,13691.0
2009-06-17,247.0,192.86,347465.53,4260.8,975.0,611.0,7193.0
2009-06-18,291.42,165.95,347466.56,4906.8,0.0,461.0,11223.0
2009-06-19,271.72,164.26,347497.32,4620.2,969.0,475.0,7737.0
2009-06-20,276.78,179.06,347737.8,4679.2,0.0,2657.0,9159.0
2009-06-21,213.79,161.53,347452.93,3646.4,1039.0,412.0,6002.0
2009-06-22,273.52,162.12,347331.3,4634.0,0.0,449.0,11148.0
2009-06-23,259.8,163.87,347347.1,4428.2,1010.0,1261.0,8186.0
2009-06-24,383.72,194.32,346373.54,6503.2,3059.0,1239.0,14275.0
2009-06-25,192.84,183.97,347296.25,3332.0,0.0,495.0,6224.0
2009-06-26,319.33,238.87,346378.71,5531.0,1826.0,538.0,9952.0
2009-06-27,427.26,271.62,348212.37,7240.6,2663.0,2432.0,13468.0
2009-06-28,264.85,277.82,348247.34,4621.0,0.0,1421.0,6742.0
2009-06-29,252.53,236.03,348327.11,4358.0,1794.0,598.0,6462.0
2009-06-30,298.11,283.15,348398.79,5244.8,582.0,1034.0,8989.0
2009-07-01,304.59,265.74,348205.39,5251.6,989.0,590.0,9747.0
2009-07-02,310.64,276.32,348432.11,5349.6,637.0,603.0,8032.0
2009-07-03,216.04,246.0,348369.62,3794.6,856.0,642.0,7371.0
2009-07-04,309.64,373.9,347252.35,5535.6,2084.0,2329.0,6791.0
2009-07-05,352.68,383.15,347680.19,6206.8,3215.0,1438.0,8014.0
2009-07-06,238.56,270.97,348139.4,4178.6,429.0,755.0,7142.0
2009-07-07,277.53,256.64,347963.05,4901.4,1292.0,3619.0,5704.0
2009-07-08,308.6,221.2,347909.4,5315.0,0.0,3514.0,9308.0
2009-07-09,211.56,194.65,349331.22,3761.0,0.0,656.0,4783.0
2009-07-10,296.78,217.23,347866.21,5055.4,988.0,2624.0,7492.0
2009-07-11,248.49,249.47,348789.3,4346.2,981.0,683.0,7756.0
2009-07-12,128.37,191.48,348919.11,2305.4,0.0,589.0,4060.0
2009-07-13,124.19,196.53,349268.42,2250.0,0.0,594.0,3881.0
2009-07-14,227.86,266.57,348775.76,4054.0,2303.0,618.0,6155.0
2009-07-15,179.52,189.69,348374.73,3121.2,878.0,932.0,5820.0
2009-07-16,149.89,259.33,348648.45,2701.6,0.0,1724.0,3902.0
2009-07-17,182.95,179.13,347896.25,3161.2,0.0,626.0,6670.0
2009-07-18,241.6,218.34,348489.04,4154.2,0.0,663.0,5389.0
2009-07-19,300.91,259.25,348547.11,5077.2,0.0,598.0,5058.0
2009-07-20,165.62,217.86,348252.28,2949.0,914.0,784.0,4948.0
2009-07-21,203.44,266.7,349232.94,3600.8,0.0,981.0,7795.0
2009-07-22,184.88,238.48,348594.36,3258.0,0.0,681.0,3965.0
2009-07-23,257.5,218.91,348398.38,4396.0,926.0,622.0,9064.0
2009-07-24,140.43,208.54,348121.19,2529.4,0.0,630.0,4128.0
2009-07-25,134.17,195.46,348619.78,2422.4,0.0,577.0,3716.0
2009-07-26,135.75,239.8,349426.66,2473.0,0.0,1019.0,3799.0
2009-07-27,172.14,321.95,349240.45,3142.2,0.0,2062.0,5202.0
2009-07-28,225.71,252.77,348798.83,3986.0,0.0,4899.0,4353.0
2009-07-29,225.5,185.47,347760.68,3904.4,869.0,749.0,7549.0
2009-07-30,198.08,198.21,349112.18,3471.4,0.0,2304.0,4040.0
2009-07-31,243.96,228.25,348294.33,4323.2,865.0,3423.0,6302.0
2009-08-01,176.74,242.66,347764.33,3178.6,0.0,844.0,6248.0
2009-08-02,122.43,205.49,346955.9,2258.6,0.0,637.0,3539.0
2009-08-03,125.07,197.3,348364.9,2254.4,0.0,605.0,3811.0
2009-08-04,127.22,196.38,348878.14,2317.6,0.0,607.0,3871.0
2009-08-05,129.66,207.89,348922.91,2368.0,0.0,620.0,4042.0
2009-08-06,133.17,214.79,347369.4,2415.4,0.0,659.0,4193.0
2009-08-07,134.82,221.29,347555.23,2442.0,0.0,668.0,4232.0
2009-08-08,131.62,214.07,348087.02,2390.0,0.0,646.0,4093.0
2009-08-09,249.56,284.33,348551.16,4402.4,1984.0,2380.0,5154.0
2009-08-10,267.34,298.25,347081.04,4719.0,0.0,3719.0,6012.0
2009-08-11,237.74,307.45,348251.75,4246.2,857.0,1467.0,6577.0
2009-08-12,206.11,272.55,348203.92,3678.2,912.0,689.0,4991.0
2009-08-13,151.71,113.59,132279.3,2625.4,1215.0,3702.0,1709.0
2009-08-14,187.17,241.33,347298.59,3287.8,429.0,850.0,4647.0
2009-08-15,378.52,384.76,346890.74,6632.4,3437.0,1852.0,8922.0
2009-08-16,304.43,409.05,346350.02,5464.0,1604.0,1094.0,5691.0
2009-08-17,196.48,251.46,347357.44,3480.6,1.0,813.0,6261.0
2009-08-18,270.15,246.72,346790.14,4691.8,2306.0,1440.0,6324.0
2009-08-19,220.19,262.99,347819.86,3925.4,896.0,812.0,6044.0
2009-08-20,193.93,260.89,347163.29,3489.6,0.0,883.0,6138.0
2009-08-21,290.44,262.36,346480.93,5044.8,3043.0,887.0,7527.0
2009-08-22,387.18,417.83,347217.46,6855.4,4544.0,3203.0,8549.0
2009-08-23,266.68,371.83,347839.88,4795.8,949.0,819.0,6994.0
2009-08-24,313.06,285.1,347134.37,5431.4,2279.0,737.0,8247.0
2009-08-25,235.9,276.83,347774.2,4160.4,1140.0,755.0,6291.0
2009-08-26,284.14,269.21,348159.54,4943.2,2131.0,1516.0,7860.0
2009-08-27,187.37,251.21,347958.9,3337.4,0.0,664.0,4283.0
2009-08-28,279.71,246.89,346859.19,4856.0,1778.0,1125.0,7485.0
2009-08-29,347.1,315.52,347004.47,6024.2,905.0,1483.0,11707.0
2009-08-30,417.09,294.08,347157.01,7171.6,2653.0,1363.0,10648.0
2009-08-31,316.38,219.32,343789.78,5504.2,960.0,678.0,9974.0
2009-09-01,245.13,217.07,347358.39,4311.4,0.0,697.0,6073.0
2009-09-02,305.7,207.86,348217.59,5239.0,947.0,659.0,9921.0
2009-09-03,312.8,213.44,347515.3,5417.4,3319.0,3099.0,5011.0
2009-09-04,256.1,181.06,348498.54,4401.0,0.0,636.0,8095.0
2009-09-05,378.47,270.07,346838.8,6524.4,2988.0,2248.0,10433.0
2009-09-06,307.16,220.53,348278.86,5277.8,995.0,588.0,9031.0
2009-09-07,305.36,201.49,348064.73,5241.0,2196.0,577.0,8299.0
2009-09-08,271.56,200.2,347546.31,4643.0,1002.0,577.0,8533.0
2009-09-09,380.34,223.57,347484.25,6467.4,964.0,3832.0,10671.0
2009-09-10,278.09,202.39,347369.69,4765.2,928.0,600.0,6508.0
2009-09-11,303.54,183.38,347255.99,5134.4,0.0,631.0,11693.0
2009-09-12,516.09,325.2,346618.15,8845.2,9583.0,1202.0,12601.0
2009-09-13,392.58,271.19,345719.74,6746.2,4146.0,612.0,10170.0
2009-09-14,393.71,239.67,347726.82,6706.8,2843.0,603.0,9091.0
2009-09-15,364.2,184.28,347029.03,6170.4,1769.0,560.0,8644.0
2009-09-16,435.79,197.75,345933.06,7415.6,1035.0,3470.0,13384.0
2009-09-17,305.86,167.28,347559.34,5199.6,0.0,563.0,9710.0
2009-09-18,343.51,169.21,347182.85,5815.6,1993.0,652.0,9151.0
2009-09-19,533.93,263.49,346109.78,9013.6,1607.0,4050.0,14845.0
2009-09-20,508.83,295.69,347465.44,8674.6,4532.0,2466.0,11935.0
2009-09-21,354.47,214.17,347403.87,6049.8,921.0,604.0,10844.0
2009-09-22,311.63,207.26,347302.12,5326.8,937.0,597.0,8502.0
2009-09-23,409.15,235.96,346675.11,6947.6,2085.0,978.0,12884.0
2009-09-24,356.56,224.08,346157.62,6098.4,1051.0,621.0,10374.0
2009-09-25,290.25,207.9,347649.01,5016.4,0.0,594.0,9694.0
2009-09-26,389.06,288.04,347297.05,6602.8,1943.0,571.0,14581.0
2009-09-27,352.62,230.48,347359.4,6048.8,1817.0,4571.0,8554.0
2009-09-28,324.86,193.2,348085.93,5465.4,0.0,603.0,10797.0
2009-09-29,286.6,199.88,346892.18,4887.2,1031.0,603.0,7322.0
2009-09-30,443.18,212.28,346208.57,7524.4,970.0,8080.0,9196.0
2009-10-01,321.81,185.42,347802.51,5452.8,950.0,602.0,9433.0
2009-10-02,288.17,183.16,346692.79,4876.0,0.0,570.0,10142.0
2009-10-03,429.18,255.4,346516.35,7272.6,3644.0,920.0,14480.0
2009-10-04,405.28,225.21,346606.36,6933.8,3189.0,3499.0,8980.0
2009-10-05,318.88,161.54,347357.55,5326.0,984.0,542.0,7983.0
2009-10-06,357.11,179.28,347299.27,6006.2,1.0,543.0,8806.0
2009-10-07,455.46,207.42,347345.22,7688.2,734.0,4334.0,9908.0
2009-10-08,394.29,186.61,347140.48,6600.8,2091.0,619.0,11568.0
2009-10-09,337.97,188.42,346766.62,5693.2,0.0,559.0,10718.0
2009-10-10,503.19,255.62,345256.41,8535.2,4510.0,570.0,14811.0
2009-10-11,484.57,268.61,346293.98,8269.8,4111.0,6454.0,8648.0
2009-10-12,337.9,157.71,345922.31,5714.8,997.0,515.0,9420.0
2009-10-13,362.28,165.39,345956.09,6119.6,983.0,530.0,9530.0
2009-10-14,427.81,175.09,345253.63,7206.6,2001.0,3131.0,10013.0
2009-10-15,372.49,139.63,347215.87,6227.0,1629.0,463.0,9641.0
2009-10-16,379.22,145.38,345954.24,6357.8,0.0,482.0,11136.0
2009-10-17,685.52,261.15,344002.41,11585.6,5490.0,4364.0,18326.0
2009-10-18,389.04,142.64,346681.21,6480.8,712.0,499.0,11144.0
2009-10-19,342.28,134.36,348854.75,5692.4,1104.0,457.0,8227.0
2009-10-20,430.7,151.56,349239.61,7164.0,760.0,450.0,11005.0
2009-10-21,492.38,192.17,348922.1,8227.2,2031.0,5916.0,8569.0
2009-10-22,349.93,155.85,349076.1,5821.0,0.0,492.0,11074.0
2009-10-23,439.36,196.7,347178.65,7408.6,3180.0,495.0,11696.0
2009-10-24,653.6,218.46,345446.19,11028.2,6202.0,518.0,15941.0
2009-10-25,601.63,243.18,345492.79,10181.2,3010.0,6181.0,13691.0
2009-10-26,278.09,160.22,347803.82,4664.4,475.0,468.0,5788.0
2009-10-27,279.19,173.8,347389.58,4708.8,579.0,449.0,8367.0
2009-10-28,317.18,164.97,347627.74,5312.8,1044.0,463.0,9318.0
2009-10-29,495.36,251.84,346099.48,8428.8,765.0,4125.0,5677.0
2009-10-30,373.34,168.53,347731.68,6267.0,1779.0,2005.0,8828.0
2009-10-31,468.99,171.06,346347.45,7851.8,1773.0,2514.0,14637.0