date,open,high,close,low,volume,price_change,p_change,ma5,ma10,ma20,v_ma5,v_ma10,v_ma20,turnover
2016-10-18,12.49,12.7,12.66,12.44,59569.38,0.16,1.28,12.612,12.581,12.514,49427.49,47564.32,55578.26,0.39
2016-10-17,12.6,12.63,12.51,12.49,43066.22,-0.09,-0.71,12.63,12.562,12.53,50495.77,46288.34,55332.59,0.28
2016-10-14,12.63,12.65,12.58,12.48,52884.16,-0.08,-0.63,12.648,12.542,12.557,54117.86,48829.97,55865.56,0.34
2016-10-13,12.65,12.74,12.65,12.61,48776.34,-0.01,-0.08,12.624,12.525,12.584,51094.04,49003.19,56162.51,0.32
2016-10-12,12.67,12.71,12.66,12.63,42841.37,-0.09,-0.71,12.588,12.508,12.61,47506.32,49958.74,57356.35,0.28
2016-10-11,12.59,12.76,12.75,12.55,64910.75,0.15,1.19,12.55,12.484,12.633,45701.15,56172.16,57587.04,0.42
2016-10-10,12.49,12.61,12.6,12.43,61176.66,0.14,1.12,12.494,12.455,12.651,42080.91,52774.81,57463.12,0.4
2016-09-30,12.47,12.52,12.46,12.42,37765.07,-0.01,-0.08,12.436,12.44,12.673,43542.09,50257.91,59294.71,0.24
2016-09-29,12.47,12.53,12.47,12.44,30837.76,0.0,0.0,12.426,12.436,12.716,46912.34,50143.19,59954.04,0.2
2016-09-28,12.52,12.52,12.47,12.42,33815.53,0.01,0.08,12.428,12.436,12.756,52411.17,52718.12,61242.52,0.22
2016-09-27,12.27,12.5,12.47,12.24,46809.53,0.17,1.38,12.418,12.447,12.797,66643.17,63592.2,63219.06,0.3
2016-09-26,12.38,12.44,12.31,12.28,68482.56,-0.1,-0.81,12.416,12.497,12.846,63468.72,64376.84,63790.83,0.44
2016-09-23,12.48,12.49,12.41,12.38,54616.32,-0.06,-0.48,12.444,12.572,12.909,56973.73,62901.15,64703.75,0.35
2016-09-22,12.48,12.52,12.48,12.45,58331.89,0.06,0.48,12.446,12.643,12.965,53374.05,63321.82,66678.97,0.38
2016-09-21,12.46,12.48,12.42,12.33,104975.55,-0.04,-0.32,12.444,12.712,13.024,53025.06,64753.95,73762.71,0.68
2016-09-20,12.47,12.47,12.46,12.43,30937.27,0.01,0.08,12.476,12.781,13.096,60541.22,59001.93,77743.45,0.2
2016-09-19,12.44,12.51,12.45,12.42,36007.62,0.03,0.24,12.578,12.847,13.165,65284.96,62151.42,84401.77,0.23
2016-09-14,12.41,12.51,12.42,12.39,36617.91,-0.04,-0.32,12.7,12.906,13.231,68828.58,68331.51,92910.92,0.24
2016-09-13,12.63,12.64,12.47,12.43,56586.97,-0.12,-0.95,12.84,12.996,13.294,73269.6,69764.89,98844.07,0.37
2016-09-12,12.83,12.85,12.58,12.4,142556.34,-0.39,-3.01,12.98,13.075,13.349,76482.84,69766.92,108730.49,0.92
2016-09-09,13.07,13.1,12.97,12.96,54655.94,-0.08,-0.61,13.086,13.146,13.397,57462.63,62845.92,111682.6,0.35
2016-09-08,13.11,13.13,13.06,12.99,53725.73,-0.06,-0.46,13.116,13.195,13.41,59017.88,63204.82,114630.48,0.35
2016-09-07,13.2,13.24,13.12,13.08,58823.02,-0.06,-0.46,13.112,13.246,13.412,67834.44,66506.35,117181.51,0.38
2016-09-06,13.13,13.19,13.17,12.92,72653.16,0.06,0.46,13.152,13.287,13.413,66260.18,70036.12,121146.19,0.47
2016-09-05,13.12,13.2,13.11,13.05,47455.29,0.02,0.15,13.17,13.336,13.428,63051.0,82771.47,126164.66,0.31
2016-09-02,13.03,13.15,13.12,13.01,62432.22,0.09,0.69,13.206,13.411,13.443,68229.22,96484.98,132574.46,0.4
2016-09-01,13.3,13.34,13.04,13.0,97808.53,-0.28,-2.1,13.274,13.482,13.445,67391.76,106652.11,141009.36,0.63
2016-08-31,13.27,13.36,13.32,13.24,50951.68,0.06,0.45,13.38,13.556,13.451,65178.26,117490.32,145592.44,0.33
2016-08-30,13.35,13.38,13.26,13.24,56607.26,-0.04,-0.3,13.422,13.592,13.446,73812.07,127923.26,160793.09,0.37
2016-08-29,13.45,13.47,13.29,13.24,73346.41,-0.18,-1.34,13.502,13.622,13.423,102491.95,147694.07,164245.38,0.48
2016-08-26,13.59,13.62,13.46,13.43,58244.9,-0.11,-0.81,13.616,13.647,13.38,124740.73,160519.28,167303.34,0.38
2016-08-25,13.46,13.58,13.57,13.32,86741.07,0.05,0.37,13.69,13.625,13.349,145912.47,166056.14,175178.59,0.56
2016-08-24,13.64,13.73,13.53,13.49,94120.71,-0.11,-0.81,13.732,13.578,13.312,169802.38,167856.66,178328.3,0.61
2016-08-23,13.85,13.97,13.66,13.46,200006.67,-0.21,-1.51,13.762,13.538,13.276,182034.45,172256.27,185388.9,1.3
2016-08-22,13.85,14.1,13.86,13.83,184590.3,0.02,0.14,13.742,13.519,13.238,192896.19,169557.85,185286.24,1.2
2016-08-19,13.72,13.93,13.83,13.72,164103.59,0.04,0.29,13.678,13.475,13.174,196297.82,168663.94,180536.58,1.06
2016-08-18,13.61,13.93,13.78,13.55,206190.62,0.1,0.73,13.56,13.408,13.104,186199.81,175366.6,175889.92,1.34
2016-08-17,13.54,13.8,13.68,13.45,155281.06,0.12,0.89,13.424,13.346,13.043,165910.95,173694.57,172377.36,1.01
2016-08-16,13.58,13.87,13.56,13.5,254315.39,0.02,0.15,13.314,13.3,12.98,162478.08,193662.93,167567.81,1.65
2016-08-15,13.24,13.6,13.54,13.22,201598.44,0.29,2.19,13.296,13.224,12.923,146219.52,180796.69,158178.21,1.31
2016-08-12,13.11,13.29,13.24,12.97,113613.53,0.14,1.07,13.272,13.112,12.867,141030.05,174087.4,152942.49,0.74
2016-08-11,13.18,13.35,13.1,13.08,104746.33,-0.04,-0.3,13.256,13.072,12.838,164533.39,184301.04,151624.9,0.68
2016-08-10,13.45,13.49,13.13,13.13,138116.73,-0.34,-2.52,13.268,13.045,12.81,181478.18,188799.94,149620.6,0.9
2016-08-09,13.4,13.55,13.47,13.24,173022.55,0.05,0.37,13.286,13.014,12.782,224847.77,198521.54,149710.97,1.12
2016-08-08,13.17,13.46,13.42,13.16,175651.12,0.25,1.9,13.152,12.957,12.734,215373.86,201014.63,147112.38,1.14
2016-08-05,13.11,13.74,13.16,13.09,231130.23,0.0,0.0,12.952,12.873,12.679,207144.76,192409.22,142825.18,1.5
2016-08-04,13.15,13.29,13.16,13.03,189470.28,-0.06,-0.45,12.888,12.799,12.637,204068.69,176413.23,134859.43,1.23
2016-08-03,12.74,13.35,13.22,12.73,354964.66,0.43,3.36,12.822,12.739,12.596,196121.7,171060.15,129909.92,2.3
2016-08-02,12.42,12.83,12.8,12.39,125653.01,0.38,3.06,12.742,12.659,12.554,172195.32,141472.7,116748.43,0.81
2016-08-01,12.76,12.77,12.42,12.31,134505.61,-0.42,-3.27,12.762,12.622,12.53,186655.4,135559.73,114615.31,0.87
2016-07-29,12.86,13.09,12.84,12.68,215749.91,0.02,0.16,12.794,12.621,12.525,177673.68,131797.57,114559.34,1.4
2016-07-28,12.71,12.88,12.83,12.53,149735.3,0.01,0.08,12.71,12.603,12.485,148757.77,118948.76,106387.29,0.97
2016-07-27,12.94,12.96,12.82,12.31,235332.77,-0.08,-0.62,12.656,12.575,12.448,145998.6,110441.25,101613.96,1.53
2016-07-26,12.57,12.91,12.9,12.54,197953.41,0.32,2.54,12.576,12.55,12.414,110750.09,100900.4,94183.07,1.28
2016-07-25,12.4,12.59,12.58,12.4,89597.0,0.16,1.29,12.482,12.511,12.373,84464.05,93210.12,87976.75,0.58
2016-07-22,12.52,12.6,12.42,12.4,71170.37,-0.13,-1.04,12.448,12.485,12.347,85921.45,93241.14,86886.62,0.46
2016-07-21,12.47,12.75,12.56,12.42,135939.44,0.14,1.13,12.496,12.475,12.321,89139.75,93305.62,88843.84,0.88
2016-07-20,12.44,12.49,12.42,12.38,59090.21,-0.01,-0.08,12.494,12.453,12.298,74883.91,88759.68,84655.43,0.38
2016-07-19,12.41,12.45,12.43,12.32,66523.24,0.02,0.16,12.524,12.448,12.284,91050.72,92024.16,84049.67,0.43
2016-07-18,12.6,12.65,12.41,12.38,96884.0,-0.25,-1.98,12.54,12.437,12.267,101956.19,93670.9,83847.66,0.63
2016-07-15,12.59,12.67,12.66,12.54,87261.88,0.11,0.88,12.522,12.428,12.252,100560.84,97321.12,82390.82,0.57
2016-07-14,12.59,12.6,12.55,12.5,64660.2,-0.02,-0.16,12.454,12.367,12.231,97471.49,93825.81,82021.61,0.42
2016-07-13,12.55,12.65,12.57,12.53,139924.27,0.07,0.56,12.412,12.32,12.221,102635.46,92786.66,84683.94,0.91
2016-07-12,12.35,12.52,12.51,12.27,121050.59,0.19,1.54,12.372,12.278,12.225,92997.59,87465.73,82469.91,0.78
2016-07-11,12.31,12.41,12.32,12.28,89907.24,0.0,0.0,12.334,12.235,12.213,85385.61,82743.39,80009.2,0.58
2016-07-08,12.36,12.38,12.32,12.29,71815.14,-0.03,-0.24,12.334,12.209,12.201,94081.4,80532.1,81991.85,0.47
2016-07-07,12.35,12.44,12.34,12.31,90480.06,-0.02,-0.16,12.28,12.167,12.211,90180.14,84382.06,82425.84,0.59
2016-07-06,12.3,12.37,12.37,12.25,91734.94,0.05,0.41,12.228,12.143,12.217,82937.86,80551.18,81603.72,0.59
2016-07-05,12.35,12.35,12.32,12.24,82990.65,0.01,0.08,12.184,12.12,12.231,81933.86,76075.18,83097.49,0.54
2016-07-04,12.03,12.36,12.32,12.01,133386.23,0.26,2.16,12.136,12.097,12.242,80101.17,74024.42,82561.7,0.86
2016-07-01,12.14,12.15,12.05,12.02,52308.8,-0.03,-0.25,12.084,12.075,12.253,66982.8,67460.51,79501.93,0.34
2016-06-30,12.15,12.19,12.08,12.05,54268.67,-0.07,-0.58,12.054,12.095,12.273,78583.99,70217.41,81754.36,0.35
2016-06-29,12.1,12.22,12.15,12.07,86714.97,0.07,0.58,12.058,12.122,12.293,78164.51,76581.22,84793.72,0.56
2016-06-28,11.96,12.12,12.08,11.96,73827.16,0.03,0.25,12.056,12.171,12.288,70216.5,77474.09,82749.64,0.48
2016-06-27,11.81,12.06,12.06,11.81,67794.39,0.16,1.34,12.058,12.191,12.287,67947.68,77275.01,81858.6,0.44
2016-06-24,12.04,12.18,11.9,11.8,110314.75,-0.2,-1.65,12.066,12.193,12.283,67938.23,83451.59,81621.95,0.72
2016-06-23,12.16,12.19,12.1,12.06,52171.27,-0.04,-0.33,12.136,12.254,12.288,61850.84,80469.62,78163.54,0.34
2016-06-22,12.1,12.15,12.14,12.01,46974.91,0.06,0.5,12.186,12.291,12.284,74997.93,82656.26,78799.73,0.3
2016-06-21,12.2,12.24,12.09,12.03,62483.09,-0.02,-0.17,12.286,12.342,12.29,84731.68,90119.8,79693.67,0.41
2016-06-20,12.24,12.29,12.1,12.02,67747.13,-0.15,-1.22,12.324,12.387,12.296,86602.34,91098.97,79581.46,0.44
2016-06-17,12.35,12.46,12.25,12.21,79877.79,-0.11,-0.89,12.32,12.43,12.294,98964.95,91543.35,79571.02,0.52
2016-06-16,12.54,12.67,12.35,12.26,117906.71,-0.29,-2.29,12.372,12.451,12.287,99088.39,93291.3,80380.29,0.76
2016-06-15,12.12,12.66,12.64,12.12,95643.7,0.36,2.93,12.396,12.463,12.293,90314.6,93006.23,77673.26,0.62
2016-06-14,12.12,12.32,12.28,12.06,71836.36,0.2,1.66,12.398,12.405,12.292,95507.92,88025.19,75328.15,0.47
2016-06-13,12.4,12.78,12.08,12.05,129560.19,-0.43,-3.44,12.45,12.383,12.305,95595.6,86442.2,74377.17,0.84
2016-06-08,12.44,12.6,12.51,12.44,80495.0,0.05,0.4,12.54,12.372,12.33,84121.74,79792.32,71244.05,0.52
2016-06-07,12.63,12.64,12.47,12.43,74037.75,-0.18,-1.42,12.53,12.321,12.339,87494.21,75857.47,70917.71,0.48
2016-06-06,12.65,12.85,12.65,12.62,121610.3,0.11,0.88,12.53,12.277,12.352,95697.85,74943.19,69778.94,0.79
2016-06-03,12.54,12.59,12.54,12.44,72274.78,0.01,0.08,12.412,12.238,12.357,80542.45,69267.55,69060.87,0.47
2016-06-02,12.46,12.55,12.53,12.4,72190.89,0.07,0.56,12.316,12.204,12.387,77288.79,68063.94,72884.31,0.47
2016-06-01,12.52,12.55,12.46,12.39,97357.33,-0.01,-0.08,12.204,12.158,12.442,75462.89,67598.7,74650.7,0.63
2016-05-31,12.06,12.48,12.47,12.06,115055.95,0.41,3.4,12.112,12.122,12.499,64220.73,67469.28,79230.85,0.75
2016-05-30,12.0,12.15,12.06,11.9,45833.32,0.0,0.0,12.024,12.123,12.545,54188.53,62340.29,79027.16,0.3
2016-05-27,11.94,12.14,12.06,11.89,56006.44,0.08,0.67,12.064,12.178,12.602,57992.64,62631.12,79997.36,0.36
2016-05-26,12.04,12.07,11.97,11.79,63061.4,-0.02,-0.17,12.092,12.227,12.668,58839.1,62312.14,81248.6,0.41
2016-05-25,12.1,12.15,12.0,11.96,41146.52,-0.02,-0.17,12.112,12.288,12.734,59734.52,62695.79,80849.39,0.27
2016-05-24,12.25,12.25,12.03,11.94,64894.99,-0.23,-1.88,12.132,12.357,12.806,70717.84,65977.96,81145.33,0.42
2016-05-23,12.23,12.35,12.26,12.18,64853.84,0.07,0.57,12.222,12.426,12.876,70492.05,64614.69,81988.45,0.42
2016-05-20,12.08,12.2,12.2,12.0,60238.76,0.14,1.16,12.292,12.475,12.936,67269.6,68854.19,83044.8,0.39
2016-05-19,12.12,12.29,12.07,12.01,67538.47,-0.04,-0.33,12.362,12.57,12.984,65785.17,77704.68,85182.82,0.44
2016-05-18,12.39,12.42,12.1,11.93,96063.13,-0.38,-3.04,12.464,12.726,13.041,65657.06,81702.7,90670.6,0.62
2016-05-17,12.6,12.62,12.48,12.41,63766.05,-0.13,-1.03,12.582,12.876,13.13,61238.08,90992.41,89179.34,0.41
2016-05-16,12.55,12.62,12.61,12.32,48741.57,0.06,0.48,12.63,12.966,13.195,58737.34,95714.03,91394.85,0.32
2016-05-13,12.54,12.68,12.55,12.48,52816.64,-0.04,-0.32,12.658,13.025,13.279,70438.79,97363.61,95353.49,0.34
2016-05-12,12.6,12.6,12.58,12.37,66897.89,-0.1,-0.79,12.778,13.108,13.362,89624.19,100185.06,98537.91,0.43
2016-05-11,12.8,13.0,12.69,12.65,73968.25,-0.02,-0.16,12.988,13.18,13.438,97748.33,99002.99,103034.08,0.48
2016-05-10,12.81,12.86,12.72,12.61,51262.33,-0.04,-0.31,13.17,13.254,13.5,120746.74,96312.7,102858.17,0.33
2016-05-09,13.0,13.09,12.75,12.66,107248.82,-0.36,-2.75,13.302,13.326,13.564,132690.71,99362.21,104458.92,0.7
2016-05-06,13.8,13.82,13.15,13.0,148743.66,-0.53,-3.87,13.392,13.396,13.619,124288.44,97235.41,103579.67,0.96
2016-05-05,13.51,13.71,13.63,13.43,107518.61,0.04,0.29,13.438,13.398,13.659,110745.93,92660.96,101698.8,0.7
2016-05-04,13.37,13.77,13.6,13.32,188960.3,0.22,1.64,13.372,13.356,13.688,100257.65,99638.51,102465.47,1.22
2016-05-03,13.18,13.45,13.38,13.1,110982.18,0.21,1.59,13.338,13.383,13.723,71878.65,87366.27,101711.44,0.72
2016-04-29,13.23,13.37,13.2,13.12,65237.43,-0.17,-1.27,13.35,13.424,13.763,66033.7,87075.67,101749.21,0.42
2016-04-28,13.33,13.51,13.38,13.16,81031.15,0.12,0.91,13.4,13.532,13.81,70182.38,93343.36,105053.0,0.53
2016-04-27,13.35,13.46,13.3,13.21,55077.21,-0.12,-0.89,13.358,13.616,13.858,74575.98,96890.75,108421.27,0.36
2016-04-26,13.31,13.45,13.43,13.17,47065.27,0.04,0.3,13.34,13.695,13.893,99019.36,107065.17,115084.37,0.31
2016-04-25,13.35,13.65,13.44,13.09,81757.45,0.0,0.0,13.428,13.746,13.956,102853.88,109403.64,129324.15,0.53
2016-04-22,13.29,13.48,13.45,13.16,85980.84,0.24,1.82,13.498,13.802,14.043,108117.63,109555.63,138728.8,0.56
2016-04-21,13.15,13.35,13.17,13.01,102999.14,-0.03,-0.23,13.664,13.842,14.087,116504.34,109923.93,143507.75,0.67
2016-04-20,13.88,13.92,13.21,12.85,177294.09,-0.66,-4.76,13.874,13.919,14.154,119205.52,110736.64,146104.92,1.15
2016-04-19,13.93,13.95,13.87,13.71,66237.89,0.07,0.51,14.05,14.02,14.219,115110.98,105292.43,150295.98,0.43
2016-04-18,14.16,14.16,13.79,13.76,108076.2,-0.46,-3.23,14.064,14.063,14.231,115953.39,116056.62,158264.1,0.7
2016-04-15,14.22,14.42,14.28,14.11,127914.4,0.05,0.35,14.106,14.101,14.224,110993.63,116422.75,162071.75,0.83
2016-04-14,14.13,14.27,14.22,14.08,116505.03,0.15,1.07,14.02,14.088,14.173,103343.51,116762.64,162068.46,0.76
2016-04-13,13.94,14.25,14.09,13.93,156821.36,0.19,1.37,13.964,14.099,14.113,102267.76,119951.78,163127.28,1.02
2016-04-12,14.03,14.08,13.94,13.73,70449.95,-0.06,-0.43,13.99,14.091,14.06,95473.88,123103.56,160411.2,0.46
2016-04-11,13.89,14.1,14.0,13.89,83277.41,0.19,1.38,14.062,14.166,14.006,116159.86,149244.66,161377.11,0.54
2016-04-08,13.85,13.94,13.85,13.62,89663.82,-0.08,-0.57,14.096,14.283,13.931,121851.87,167901.97,160227.66,0.58
2016-04-07,14.23,14.3,13.94,13.92,111126.24,-0.28,-1.97,14.156,14.331,13.872,130181.76,177091.58,159541.24,0.72
2016-04-06,14.25,14.42,14.22,14.07,122851.98,-0.08,-0.56,14.234,14.389,13.823,137635.8,181473.21,159640.57,0.8
2016-04-05,14.12,14.33,14.3,14.0,173879.84,0.14,0.99,14.192,14.417,13.769,150733.25,195299.54,158874.35,1.13
2016-04-01,14.14,14.22,14.17,13.82,111737.45,0.02,0.14,14.27,14.398,13.712,182329.47,200471.57,155037.54,0.72
2016-03-31,14.33,14.38,14.15,14.09,131313.3,-0.17,-1.19,14.47,14.346,13.645,213952.08,207720.74,158423.07,0.85
2016-03-30,14.1,14.35,14.33,14.03,148396.45,0.32,2.28,14.506,14.257,13.589,224001.4,207374.28,160411.13,0.96
2016-03-29,14.49,14.6,14.01,13.81,188339.19,-0.66,-4.5,14.544,14.126,13.513,225310.61,206302.77,161932.26,1.22
2016-03-28,15.6,15.62,14.69,14.45,331860.94,-0.49,-3.23,14.642,14.028,13.426,239865.83,197718.84,158984.56,2.15
2016-03-25,14.5,15.28,15.17,14.3,269850.5,0.84,5.86,14.526,13.846,13.299,218613.67,173509.55,153130.57,1.75
2016-03-24,14.41,14.8,14.33,14.22,181559.91,-0.2,-1.38,14.222,13.579,13.196,201489.41,152553.36,146345.22,1.18
2016-03-23,14.41,14.6,14.52,14.24,154942.52,0.0,0.0,14.008,13.412,13.134,190747.17,141990.9,149336.07,1.0
2016-03-22,14.1,14.8,14.5,13.96,261115.27,0.4,2.84,13.708,13.257,13.136,187294.93,137807.93,153268.99,1.69
2016-03-21,14.01,14.48,14.11,13.9,225600.17,0.47,3.45,13.414,13.12,13.113,155571.84,122449.16,145848.58,1.46
2016-03-18,13.26,13.8,13.65,13.26,184229.19,0.38,2.86,13.166,13.026,13.12,128405.43,109603.51,141852.71,1.19
2016-03-17,13.09,13.36,13.26,13.01,127848.68,0.24,1.84,12.936,12.943,13.144,103617.3,109125.41,139659.56,0.83
2016-03-16,13.06,13.15,13.02,12.95,137681.36,-0.03,-0.23,12.816,12.921,13.179,93234.63,113447.97,139878.14,0.89
2016-03-15,12.87,13.09,13.03,12.73,102499.82,0.16,1.24,12.806,12.9,13.232,88320.93,117561.75,140271.76,0.66
2016-03-14,12.64,13.05,12.87,12.64,89768.09,0.35,2.8,12.826,12.824,13.282,89326.47,120250.28,143493.03,0.58
2016-03-11,12.52,12.67,12.5,12.35,60288.57,-0.16,-1.26,12.886,12.752,13.322,90801.58,132751.6,145873.19,0.39
2016-03-10,12.93,13.02,12.66,12.65,75935.3,-0.32,-2.46,12.95,12.812,13.371,114633.51,140137.09,153233.59,0.49
2016-03-09,12.85,13.13,12.97,12.71,113112.89,-0.15,-1.14,13.026,12.855,13.401,133661.31,156681.23,157170.98,0.73
2016-03-08,13.09,13.19,13.13,12.65,107527.5,-0.03,-0.23,12.994,13.015,13.401,146802.56,168730.05,156054.92,0.7
2016-03-07,12.99,13.23,13.17,12.91,97143.65,0.35,2.73,12.822,13.105,13.398,151174.09,169248.0,155954.64,0.63
2016-03-04,12.95,13.12,12.82,12.57,179448.2,-0.21,-1.61,12.618,13.213,13.374,174701.61,174101.92,155551.91,1.16
2016-03-03,12.8,13.2,13.04,12.76,171074.31,0.22,1.72,12.674,13.344,13.376,165640.66,170193.71,152902.82,1.11
2016-03-02,12.3,12.9,12.81,12.23,178819.12,0.53,4.32,12.684,13.436,13.349,179701.16,166308.31,149930.1,1.16
2016-03-01,12.22,12.43,12.27,11.8,129385.17,0.12,0.99,13.036,13.563,13.358,190657.54,162981.78,149570.94,0.84
2016-02-29,13.09,13.09,12.15,11.8,214781.27,-0.96,-7.32,13.388,13.74,13.408,187321.91,166735.78,150442.93,1.39
2016-02-26,13.19,13.38,13.1,12.84,134143.45,0.01,0.08,13.808,13.892,13.53,173502.23,158994.79,145573.6,0.87
2016-02-25,14.5,14.5,13.09,13.09,241376.77,-1.45,-9.97,14.014,13.93,13.59,174746.75,166330.1,143416.03,1.56
2016-02-24,13.98,14.57,14.57,13.87,233601.05,0.54,3.85,14.188,13.947,13.635,152915.46,157660.73,137909.34,1.51
2016-02-23,14.2,14.29,14.03,13.88,112707.01,-0.22,-1.54,14.09,13.787,13.625,135306.02,143379.79,133462.94,0.73
2016-02-22,14.32,14.37,14.25,14.1,145682.88,0.12,0.85,14.092,13.691,13.663,146149.65,142661.27,135165.44,0.94
2016-02-19,14.05,14.31,14.13,14.02,140366.05,0.18,1.29,13.976,13.534,13.665,144487.34,137001.89,133379.25,0.91
2016-02-18,14.26,14.26,13.96,13.91,132220.33,-0.12,-0.85,13.846,13.408,13.665,157913.45,135611.93,133047.81,0.86
2016-02-17,13.97,14.25,14.08,13.91,145553.84,0.03,0.21,13.706,13.261,13.708,162406.0,133551.88,136809.17,0.94
2016-02-16,13.69,14.14,14.04,13.66,166925.16,0.38,2.78,13.484,13.153,13.733,151453.57,136160.09,141029.5,1.08
2016-02-15,13.05,13.88,13.67,13.01,137371.34,0.18,1.33,13.29,13.076,13.763,139172.89,134150.09,140294.4,0.89
2016-02-05,13.25,13.85,13.48,13.25,207496.59,0.21,1.58,13.092,13.168,13.81,129516.44,132152.42,141362.29,1.34
2016-02-04,13.33,13.46,13.26,13.1,154683.06,0.29,2.24,12.97,13.249,13.93,113310.4,120501.96,139995.51,1.0
2016-02-03,12.9,13.07,12.97,12.67,90791.69,-0.1,-0.77,12.816,13.322,14.037,104697.76,118157.95,134163.65,0.59
2016-02-02,12.76,13.09,13.07,12.68,105521.79,0.39,3.08,12.822,13.463,14.238,120866.61,123546.09,136261.13,0.68
2016-02-01,12.8,13.06,12.68,12.47,89089.09,-0.18,-1.4,12.862,13.634,14.428,129127.28,127669.61,140714.53,0.58
2016-01-29,12.55,13.08,12.87,12.22,126466.39,0.37,2.96,13.244,13.796,14.615,134788.39,129756.6,142346.66,0.82
2016-01-28,12.82,13.36,12.49,12.45,111619.86,-0.52,-4.0,13.528,13.922,14.865,127693.51,130483.69,141787.0,0.72
2016-01-27,13.35,13.5,13.0,12.31,171635.91,-0.3,-2.26,13.828,14.155,15.138,131618.14,140066.46,140902.23,1.11
2016-01-26,14.4,14.54,13.27,13.13,146825.14,-1.31,-8.98,14.104,14.312,15.387,126225.57,145898.92,137549.85,0.95
2016-01-25,14.45,14.73,14.59,14.45,117394.67,0.31,2.17,14.406,14.45,15.614,126211.95,146438.72,140341.76,0.76
2016-01-22,14.19,14.37,14.29,13.91,90991.95,0.29,2.07,14.348,14.451,15.795,124724.81,150572.16,139467.67,0.59
2016-01-21,14.26,14.64,13.99,13.99,131243.05,-0.39,-2.71,14.316,14.61,15.996,133273.87,159489.07,142594.84,0.85
2016-01-20,14.68,14.85,14.38,14.27,144673.06,-0.4,-2.71,14.482,14.751,16.209,148514.78,150169.34,147206.54,0.94
2016-01-19,14.39,14.86,14.78,14.3,146757.0,0.48,3.36,14.52,15.012,16.397,165572.27,148976.18,147002.76,0.95
2016-01-18,13.9,14.55,14.3,13.86,109959.0,0.16,1.13,14.494,15.221,16.567,166665.49,153759.44,151325.45,0.71
2016-01-15,14.7,14.86,14.13,14.0,133737.22,-0.69,-4.66,14.554,15.433,16.743,176419.5,154936.72,153094.5,0.87
2016-01-14,13.99,14.85,14.82,13.85,207447.62,0.24,1.65,14.904,15.807,16.928,185704.27,153090.31,155843.83,1.34
2016-01-13,15.2,15.86,14.57,14.56,229960.5,-0.08,-0.55,15.02,16.121,17.058,151823.9,141737.99,150097.88,1.49
2016-01-12,14.74,15.19,14.65,14.56,152223.09,0.05,0.34,15.504,16.461,17.201,132380.09,129200.78,144346.46,0.99
2016-01-11,15.41,15.88,14.6,14.51,158729.06,-1.29,-8.12,15.948,16.778,17.339,140853.39,134244.81,143492.25,1.03
2016-01-08,16.15,16.17,15.88,15.08,180161.09,0.43,2.78,16.312,17.139,17.464,133453.95,128363.18,143325.79,1.17
2016-01-07,16.75,16.75,15.4,15.35,38045.76,-1.59,-9.36,16.71,17.382,17.545,120476.34,125700.61,148153.91,0.25
2016-01-06,16.9,17.16,16.99,16.79,132741.44,0.14,0.83,17.222,17.666,17.62,131652.08,144243.74,153558.3,0.86
2016-01-05,15.8,17.34,16.87,15.7,194589.61,0.52,3.18,17.418,17.781,17.623,126021.48,145029.35,155901.34,1.26
2016-01-04,17.97,18.0,16.42,16.3,121731.83,-1.45,-8.11,17.608,17.912,17.667,127636.23,148891.46,153182.89,0.79
2015-12-31,17.97,18.18,17.87,17.84,115273.08,-0.07,-0.39,17.966,18.052,17.73,123272.41,151252.27,156428.25,0.75
2015-12-30,18.02,18.15,17.96,17.83,93924.42,-0.01,-0.06,18.054,18.049,17.738,130924.87,158597.35,158545.06,0.61
2015-12-29,17.8,17.98,17.97,17.74,104588.44,0.16,0.9,18.11,17.994,17.731,156835.41,158457.76,163584.16,0.68
2015-12-28,18.26,18.53,17.82,17.78,202663.38,-0.39,-2.14,18.144,17.941,17.722,164037.22,159492.13,168730.21,1.31
2015-12-25,18.27,18.39,18.21,18.17,99912.72,-0.11,-0.6,18.216,17.9,17.707,170146.7,152739.69,171378.34,0.65
2015-12-24,18.15,18.34,18.31,17.78,153535.38,0.1,0.55,18.138,17.788,17.693,179232.13,158288.39,187982.76,1.0
2015-12-23,18.14,18.56,18.24,18.04,223477.12,0.11,0.61,18.044,17.707,17.773,186269.84,170607.21,197836.61,1.45
2015-12-22,18.31,18.31,18.14,17.96,140597.52,-0.02,-0.11,17.878,17.573,17.851,160080.12,162872.85,196078.96,0.91
2015-12-21,17.75,18.34,18.18,17.7,233210.75,0.35,1.96,17.738,17.465,17.932,154947.04,166773.32,197032.98,1.51
2015-12-18,17.9,18.16,17.82,17.71,145339.88,-0.03,-0.17,17.584,17.421,18.018,135332.69,157474.32,198107.17,0.94
2015-12-17,17.55,18.0,17.84,17.51,188723.92,0.44,2.53,17.438,17.407,18.127,137344.66,161604.23,206558.5,1.22
2015-12-16,17.51,17.59,17.41,17.37,92528.52,-0.03,-0.17,17.37,17.427,18.242,154944.57,158492.76,211656.28,0.6
2015-12-15,17.42,17.64,17.44,17.31,114932.14,0.02,0.12,17.268,17.468,18.376,165665.58,168710.55,226739.58,0.74
2015-12-14,16.95,17.5,17.41,16.73,135138.98,0.32,1.87,17.192,17.502,18.523,178599.61,177968.29,245870.8,0.88
2015-12-11,17.12,17.46,17.09,16.92,155399.72,-0.4,-2.29,17.258,17.514,18.661,179615.94,190017.0,253598.06,1.01
2015-12-10,17.18,18.0,17.5,17.01,276723.5,0.6,3.55,17.376,17.598,18.821,185863.8,217677.14,267777.69,1.79
2015-12-09,17.0,17.17,16.9,16.86,146133.55,-0.16,-0.94,17.484,17.839,18.957,162040.96,225066.01,269615.74,0.95
2015-12-08,17.61,17.66,17.06,17.0,179602.28,-0.68,-3.83,17.668,18.128,19.144,171755.52,229285.07,281560.68,1.16
2015-12-07,17.71,17.84,17.74,17.61,140220.66,0.09,0.51,17.812,18.399,19.315,177336.97,227292.63,301966.91,0.91
2015-12-04,17.96,18.17,17.68,17.6,186639.02,-0.36,-2.0,17.77,18.614,19.451,200418.05,238740.03,322849.13,1.21
2015-12-03,17.85,18.11,18.04,17.73,157609.27,0.21,1.18,17.82,18.846,19.587,249490.47,251512.78,333885.6,1.02
2015-12-02,17.77,17.87,17.82,17.18,194706.38,0.04,0.23,18.194,19.057,19.665,288091.06,264819.79,346824.04,1.26
2015-12-01,17.54,17.93,17.78,17.36,207509.52,0.25,1.43,18.588,19.284,19.771,286814.61,284768.61,353804.07,1.35
2015-11-30,17.99,18.18,17.53,16.79,255626.06,-0.41,-2.29,18.986,19.544,19.812,277248.3,313773.32,354764.52,1.66
2015-11-27,19.7,19.84,17.93,17.92,432001.12,-1.98,-9.95,19.458,19.808,19.878,277062.0,317179.12,355439.38,2.8
2015-11-26,19.95,20.35,19.91,19.78,350612.22,0.12,0.61,19.872,20.043,19.956,253535.08,317878.25,349229.04,2.27
2015-11-25,19.7,19.87,19.79,19.61,188324.12,0.03,0.15,19.92,20.075,19.965,241548.52,314165.46,342396.27,1.22
2015-11-24,19.92,19.93,19.77,19.59,159677.97,-0.11,-0.55,19.98,20.159,19.971,282722.61,333836.29,349678.5,1.04
2015-11-23,19.86,20.12,19.89,19.6,254694.59,-0.11,-0.55,20.102,20.23,20.033,350298.34,376641.18,363373.19,1.65
2015-11-20,20.23,20.47,20.0,19.81,314366.5,-0.15,-0.74,20.158,20.287,20.069,357296.23,406958.23,374492.6,2.04
2015-11-19,20.09,20.28,20.15,19.67,290679.41,0.08,0.4,20.214,20.327,20.113,382221.43,416258.43,390286.47,1.88
2015-11-18,20.45,20.94,20.09,19.99,394194.56,-0.3,-1.47,20.23,20.272,20.093,386782.41,428828.3,393604.46,2.56
2015-11-17,20.33,20.94,20.38,20.3,497556.66,0.22,1.09,20.338,20.257,20.034,384949.98,422839.53,400795.21,3.23
2015-11-16,19.96,20.27,20.17,19.83,289684.0,-0.12,-0.59,20.358,20.079,20.065,402984.03,395755.73,396858.9,1.88
2015-11-13,19.99,20.86,20.28,19.81,438992.5,0.05,0.25,20.416,19.947,20.081,456620.23,393699.65,414594.76,2.85
2015-11-12,20.65,20.66,20.23,20.09,313484.31,-0.38,-1.84,20.44,19.869,20.117,450295.44,380579.84,434562.82,2.03
2015-11-11,20.48,20.66,20.63,20.16,385032.44,0.41,2.03,20.314,19.854,20.068,470874.19,370627.08,433961.08,2.5
2015-11-10,20.39,21.38,20.48,20.15,587726.88,0.04,0.2,20.176,19.783,19.975,460729.08,365520.72,432284.42,3.81
2015-11-09,20.71,20.98,20.46,20.35,557865.0,0.07,0.34,19.8,19.836,19.92,388527.43,350105.2,426532.97,3.62
2015-11-06,19.75,20.46,20.4,19.67,407368.56,0.77,3.92,19.478,19.85,19.84,330779.07,342026.98,435306.71,2.64
2015-11-05,19.84,20.13,19.6,19.54,416378.06,-0.36,-1.8,19.298,19.899,19.763,310864.24,364314.51,430066.25,2.7
2015-11-04,18.8,20.2,19.94,18.7,334306.88,1.35,7.26,19.394,19.913,19.711,270379.97,358380.63,423759.68,2.17
2015-11-03,18.95,19.13,18.6,18.31,226718.64,-0.22,-1.17,19.39,19.81,19.597,270312.36,378750.89,414627.75,1.47
2015-11-02,19.02,19.67,18.85,18.8,269123.22,-0.64,-3.28,19.872,20.05,19.563,311682.98,397962.06,415082.27,1.74
2015-10-30,20.1,20.29,19.5,19.4,307794.38,-0.58,-2.89,20.222,20.215,19.536,353274.89,435489.87,416199.84,2.0
2015-10-29,20.18,20.53,20.08,19.92,213956.73,0.16,0.8,20.5,20.364,19.505,417764.78,488545.81,424396.39,1.39
2015-10-28,20.84,21.08,19.92,19.8,333968.81,-1.09,-5.19,20.432,20.282,19.445,446381.28,497295.09,427891.94,2.16
2015-10-27,20.31,21.25,21.01,20.21,433571.75,0.41,1.99,20.23,20.166,19.398,487189.42,499048.12,430604.6,2.81
2015-10-26,20.99,21.14,20.6,20.22,477082.78,-0.35,-1.67,20.228,20.003,19.293,484241.15,502960.74,429660.35,3.09
2015-10-23,19.83,21.08,20.89,19.58,630243.81,1.15,5.83,20.208,19.829,19.195,517704.84,528586.44,420718.7,4.09
2015-10-22,19.25,19.91,19.74,19.04,357039.25,0.81,4.28,20.228,19.627,19.053,559326.84,495818.0,410478.38,2.31
2015-10-21,21.01,21.15,18.91,18.91,538009.5,-2.1,-9.99,20.132,19.509,18.978,548208.89,489138.73,430063.03,3.49
2015-10-20,20.5,21.44,21.0,20.38,418830.41,0.5,2.44,20.102,19.383,18.985,510906.82,450504.61,435511.06,2.71
2015-10-19,20.96,21.62,20.5,20.35,644401.25,-0.46,-2.19,19.778,19.075,18.801,521680.33,432202.47,440855.91,4.18
2015-10-16,19.39,21.2,20.99,19.22,838353.81,1.72,8.93,19.45,18.856,18.704,539468.04,396909.8,449806.39,5.43
2015-10-15,18.76,19.35,19.26,18.71,301449.5,0.52,2.77,19.026,18.645,18.641,432309.16,360246.97,441644.63,1.95
2015-10-14,19.39,19.53,18.76,18.7,351499.12,-0.62,-3.2,18.886,18.608,18.573,430068.57,358488.8,447107.0,2.28
2015-10-13,18.66,19.58,19.38,18.55,472697.97,0.51,2.7,18.664,18.63,18.549,390102.39,362161.08,483082.1,3.06
2015-10-12,19.1,19.84,18.86,18.84,733339.81,-0.01,-0.05,18.372,18.582,18.513,342724.6,356359.96,480483.31,4.75
2015-10-09,18.5,19.02,18.87,18.39,302559.41,0.31,1.67,18.262,18.561,18.417,254351.57,312850.95,466748.88,1.96
2015-10-08,18.25,18.6,18.56,18.0,290246.53,0.92,5.21,18.264,18.478,18.336,288184.77,325138.76,482089.61,1.88
2015-09-30,18.08,18.25,17.65,17.6,151668.25,-0.32,-1.78,18.33,18.447,18.229,286909.03,370987.33,489641.75,0.98
2015-09-29,17.67,18.58,17.92,17.63,235809.02,-0.4,-2.18,18.596,18.587,18.191,334219.77,420517.52,501228.63,1.53
2015-09-28,18.95,19.09,18.31,17.36,291474.62,-0.55,-2.92,18.792,18.527,18.178,369995.31,449509.35,515806.34,1.89
2015-09-25,19.16,19.69,18.88,18.7,471725.44,0.0,0.0,18.86,18.552,18.073,371350.34,502702.98,522954.89,3.06
2015-09-24,19.19,19.28,18.89,18.51,283867.81,-0.09,-0.47,18.692,18.637,17.867,362092.76,523042.28,521773.23,1.84
2015-09-23,18.6,19.48,18.98,18.51,388221.97,0.09,0.48,18.564,18.538,17.648,455065.63,535725.19,526686.49,2.52
2015-09-22,18.74,19.35,18.9,18.57,414686.69,0.25,1.34,18.578,18.467,17.505,506815.26,604003.11,524390.91,2.69
2015-09-21,17.8,18.93,18.65,17.65,298249.81,0.62,3.44,18.262,18.443,17.455,529023.39,604606.67,525568.35,1.93
2015-09-18,18.5,18.69,18.04,17.68,425437.5,-0.21,-1.15,18.244,18.273,17.497,634055.62,620646.8,526753.18,2.76
2015-09-17,18.78,19.99,18.25,18.21,748732.19,-0.8,-4.2,18.582,18.193,17.654,683991.81,639040.47,532520.24,4.85
2015-09-16,17.5,19.05,19.05,17.21,646970.12,1.73,9.99,18.512,18.011,17.773,616384.76,608296.17,521903.07,4.19
2015-09-15,17.9,18.97,17.32,17.07,525727.31,-1.29,-6.93,18.356,17.794,17.966,701190.96,581939.75,516390.37,3.41
2015-09-14,20.2,20.2,18.56,17.76,823411.0,-1.17,-5.93,18.624,17.829,18.192,680189.94,582103.33,522061.84,5.34
2015-09-11,17.88,19.73,19.73,17.66,675118.44,1.79,9.98,18.302,17.594,18.387,607237.98,543206.8,518477.66,4.38
2015-09-10,17.4,18.43,17.9,17.31,410696.91,-0.36,-1.97,17.804,17.096,18.447,594089.12,520504.18,514516.86,2.66
2015-09-09,19.2,20.2,18.27,17.51,1071001.12,-0.39,-2.09,17.51,16.757,18.568,600207.57,517647.78,520535.86,6.94
2015-09-08,16.57,18.66,18.66,16.46,420722.25,1.7,10.02,17.232,16.542,18.663,462688.55,444778.71,489476.88,2.73
2015-09-07,17.52,18.3,16.95,16.55,458651.19,-0.31,-1.8,17.034,16.466,18.696,484016.72,446530.03,487280.46,2.97
2015-09-02,15.55,17.62,17.24,15.36,609374.12,0.75,4.55,16.886,16.72,18.784,479175.62,432859.56,473191.39,3.95
2015-09-01,16.6,16.68,16.43,15.32,441289.19,-0.55,-3.24,16.388,17.115,18.863,446919.25,426000.01,457519.24,2.86
2015-08-31,17.1,17.4,16.88,16.7,383406.0,-0.82,-4.63,16.004,17.534,18.995,435087.99,435509.97,451431.21,2.49
2015-08-28,16.66,17.73,17.67,16.51,527363.12,1.46,9.01,15.852,18.138,19.052,426868.88,450840.98,446609.05,3.42
2015-08-27,15.25,16.21,16.21,15.0,434445.69,1.47,9.97,15.898,18.555,19.047,409043.34,462020.35,435674.11,2.82
2015-08-26,14.68,15.82,14.75,14.16,448092.25,0.24,1.65,16.554,19.18,19.122,386543.5,493748.53,426892.89,2.9
2015-08-25,14.6,15.5,14.51,14.51,382132.88,-1.61,-9.99,17.842,19.798,19.332,405080.76,508529.54,419601.54,2.48
2015-08-24,17.0,17.33,16.12,16.12,342310.44,-1.79,-9.99,19.064,20.379,19.496,435931.95,523423.94,422989.39,2.22
2015-08-21,18.98,19.51,17.9,17.78,438235.44,-1.61,-8.25,20.424,20.783,19.567,474813.09,534175.04,429478.49,2.84
2015-08-20,20.8,20.95,19.49,19.47,321946.5,-1.7,-8.02,21.212,20.926,19.646,514997.36,528030.88,434950.99,2.09
2015-08-19,19.5,21.55,21.19,18.68,540778.56,0.57,2.76,21.806,20.848,19.666,600953.55,513523.23,443101.16,3.51
2015-08-18,22.89,22.89,20.62,20.62,536388.81,-2.29,-10.0,21.754,20.61,19.569,611978.31,489038.47,435480.96,3.48
2015-08-17,22.0,23.15,22.92,21.81,536716.12,0.98,4.47,21.694,20.455,19.482,610915.93,467352.45,425003.36,3.48
2015-08-14,23.05,23.19,21.84,21.7,639156.81,-0.61,-2.72,21.142,19.965,19.297,593537.0,442377.11,427871.16,4.14
2015-08-13,21.01,22.98,22.46,20.91,751727.44,1.54,7.36,20.64,19.539,19.163,541064.41,409327.87,414041.87,4.87
2015-08-12,19.78,21.7,20.93,19.71,595902.38,0.63,3.1,19.89,19.064,18.943,426092.9,360037.26,396655.84,3.86
2015-08-11,20.34,21.4,20.32,20.1,531076.88,0.16,0.79,19.466,18.866,18.76,366098.63,330673.53,389230.75,3.44
2015-08-10,19.37,20.28,20.16,19.37,449821.5,0.81,4.19,19.216,18.613,18.703,323788.97,322554.84,398377.69,2.92
2015-08-07,18.88,19.56,19.33,18.82,376793.84,0.59,3.15,18.788,18.351,18.655,291217.22,324781.93,408854.12,2.44
2015-08-06,18.4,18.89,18.71,18.23,176869.91,-0.24,-1.27,18.438,18.365,18.561,277591.34,341871.09,406686.62,1.15
2015-08-05,18.98,19.29,18.81,18.42,295931.0,-0.26,-1.36,18.238,18.484,18.419,293981.62,372679.09,425787.33,1.92
2015-08-04,18.1,19.08,19.07,17.71,319528.59,1.04,5.77,18.266,18.528,18.199,295248.44,381923.44,428375.21,2.07
2015-08-03,17.18,18.05,18.02,17.15,286962.75,0.47,2.68,18.01,18.508,18.048,321320.72,382654.28,443431.71,1.86
2015-07-31,17.37,17.69,17.58,16.93,308664.44,-0.14,-0.79,17.914,18.628,18.035,358346.64,413365.21,454688.9,2.0
2015-07-30,18.53,18.88,17.71,17.52,258821.34,-0.95,-5.09,18.292,18.786,18.015,406150.84,418755.86,461487.62,1.68
2015-07-29,18.15,18.95,18.95,17.6,302265.09,1.16,6.52,18.73,18.822,18.06,451376.56,433274.42,467546.0,1.96
2015-07-28,17.03,18.28,17.79,16.0,449889.97,0.25,1.43,18.79,18.653,18.077,468598.45,447787.96,473276.36,2.92
2015-07-27,19.0,19.9,17.54,17.54,472092.38,-1.95,-10.01,19.006,18.793,18.227,443987.83,474200.53,472971.78,3.06
2015-07-24,19.8,20.3,19.47,19.32,547685.44,-0.42,-2.11,19.342,18.959,18.306,468383.77,492926.32,473220.83,3.55
2015-07-23,19.39,20.1,19.9,19.28,484949.94,0.65,3.38,19.28,18.757,18.351,431360.87,471502.16,469381.38,3.14
2015-07-22,18.92,19.46,19.25,18.58,388374.5,0.37,1.96,18.914,18.353,18.487,415172.28,478895.57,464998.43,2.52
2015-07-21,18.8,19.18,18.87,18.58,326836.91,-0.33,-1.72,18.516,17.87,18.748,426977.48,474826.98,471730.88,2.12
2015-07-20,19.01,19.66,19.22,18.46,594072.06,0.05,0.26,18.58,17.587,18.984,504413.22,504209.15,473966.81,3.85
2015-07-17,18.38,19.4,19.16,18.11,362570.94,1.1,6.09,18.576,17.441,19.179,517468.86,496012.6,462834.09,2.35
2015-07-16,17.26,18.4,18.07,16.41,404006.97,0.81,4.69,18.234,17.244,19.484,511643.44,504219.38,467749.9,2.62
2015-07-15,18.65,18.69,17.26,17.26,447400.53,-1.92,-10.01,17.792,17.297,19.825,542618.87,501817.57,466869.53,2.9
2015-07-14,19.0,20.3,19.19,18.62,714015.62,-0.01,-0.05,17.224,17.501,20.216,522676.47,498764.76,465103.09,4.63
2015-07-13,18.33,19.2,19.2,17.88,659350.25,1.75,10.03,16.594,17.661,20.502,504005.07,471743.03,452108.69,4.27
2015-07-10,16.5,17.45,17.45,16.3,333443.84,1.59,10.03,16.306,17.652,20.837,474556.34,453515.35,451575.19,2.16
2015-07-09,14.42,15.86,15.86,13.31,558884.12,1.44,9.99,16.254,17.945,21.283,496795.31,467260.61,468562.4,3.62
2015-07-08,14.42,14.94,14.42,14.42,347688.53,-1.6,-9.99,16.802,18.621,21.777,461016.27,451101.28,485920.06,2.25
2015-07-07,17.08,17.75,16.04,16.0,620658.62,-1.74,-9.79,17.778,19.625,22.252,474853.04,468634.78,494417.3,4.02
2015-07-06,18.93,18.93,17.76,15.69,512106.59,0.55,3.2,18.728,20.381,22.649,439481.0,443724.48,501621.32,3.32
2015-07-03,18.45,19.34,17.19,16.74,444638.69,-1.41,-7.58,18.998,20.917,22.891,432474.36,429655.57,498849.26,2.88
2015-07-02,20.0,20.2,18.6,18.12,379988.91,-0.9,-4.62,19.636,21.723,23.143,437725.91,431280.42,495613.61,2.46
2015-07-01,20.56,21.7,19.3,19.3,416872.41,-1.51,-7.26,20.44,22.352,23.32,441186.28,431921.49,494927.73,2.7
2015-06-30,19.13,20.94,20.79,18.35,443798.38,1.68,8.79,21.472,22.931,23.494,462416.52,431441.41,493981.56,2.88
2015-06-29,21.2,21.2,19.11,18.34,477073.41,-1.27,-6.23,22.034,23.343,23.554,447967.96,432474.34,488108.94,3.09
2015-06-26,21.8,21.99,20.38,20.38,470896.44,-2.26,-9.98,22.836,24.022,23.654,426836.79,449635.04,485215.35,3.05
2015-06-25,24.48,24.49,22.62,22.5,397290.78,-1.84,-7.52,23.81,24.62,23.696,424834.93,469864.19,491160.93,2.58
2015-06-24,24.04,24.55,24.46,22.96,523023.59,0.87,3.69,24.264,24.933,23.74,422656.7,520738.84,490994.76,3.39
2015-06-23,22.8,23.79,23.6,20.91,371555.59,0.51,2.21,24.39,24.879,23.722,400466.3,520199.81,490291.44,2.41
2015-06-19,24.65,25.55,23.12,23.0,371417.53,-2.12,-8.4,24.652,24.916,23.722,416980.72,559518.15,497514.84,2.41
2015-06-18,24.7,26.58,25.25,24.61,460887.16,0.34,1.36,25.208,24.865,23.733,472433.29,568042.95,503767.84,2.99
2015-06-17,25.09,25.44,24.89,23.55,386399.62,-0.18,-0.72,25.43,24.562,23.597,514893.44,559946.79,501707.78,2.5
2015-06-16,24.7,25.77,25.09,24.43,412071.62,0.18,0.72,25.602,24.288,23.449,618820.98,557933.96,506449.72,2.67
2015-06-15,25.8,26.36,24.91,24.71,454127.66,-0.99,-3.82,25.368,24.057,23.289,639933.32,556521.71,506838.72,2.94
2015-06-12,26.74,27.7,25.9,25.8,648680.38,-0.46,-1.75,25.18,23.765,23.113,702055.59,543743.53,505381.34,4.2
2015-06-11,25.89,26.74,26.36,25.31,673187.94,0.61,2.37,24.522,23.285,22.9,663652.61,520795.67,502902.19,4.36
2015-06-10,23.6,26.31,25.75,23.31,906037.31,1.83,7.65,23.694,22.772,22.649,605000.14,512457.67,492962.98,5.87
2015-06-09,24.27,24.5,23.92,23.51,517633.31,-0.05,-0.21,22.974,22.546,22.466,497046.94,461250.69,487542.92,3.36
2015-06-08,22.8,24.35,23.97,22.65,764739.0,1.36,6.01,22.746,22.564,22.379,473110.09,460383.08,505725.44,4.96
2015-06-05,22.79,22.97,22.61,22.08,456665.47,0.39,1.75,22.35,22.527,22.189,385431.47,435511.53,486082.59,2.96
2015-06-04,22.51,22.78,22.22,20.48,379925.62,0.07,0.32,22.048,22.6,22.035,377938.73,439492.73,475972.74,2.46
2015-06-03,22.78,22.79,22.15,21.9,366271.31,-0.63,-2.77,21.85,22.631,21.885,419915.19,443468.77,470343.21,2.37
2015-06-02,22.06,22.85,22.78,21.71,397949.06,0.79,3.59,22.118,22.61,21.732,425454.43,454965.47,467421.96,2.58
2015-06-01,21.32,22.1,21.99,21.16,326345.91,0.89,4.22,22.382,22.52,21.576,447656.06,457155.73,461646.2,2.12
2015-05-29,21.23,21.76,21.1,20.5,419201.75,-0.13,-0.61,22.704,22.461,21.516,485591.58,467019.16,467137.63,2.72
2015-05-28,23.56,23.69,21.23,21.14,589807.94,-2.26,-9.62,23.152,22.515,21.488,501046.74,485008.71,466266.47,3.82
2015-05-27,24.12,24.28,23.49,23.47,393967.5,-0.61,-2.53,23.412,22.526,21.477,467022.34,473468.3,457996.7,2.55
2015-05-26,23.71,24.22,24.1,23.09,508957.19,0.5,2.12,23.102,22.385,21.34,484476.51,513835.15,494657.75,3.3
2015-05-25,23.48,24.36,23.6,23.4,516023.53,0.26,1.11,22.658,22.194,21.246,466655.41,551067.81,469782.08,3.34
2015-05-22,22.8,23.53,23.34,22.64,496477.53,0.81,3.6,22.218,21.851,21.077,448446.73,536653.65,444360.93,3.22
2015-05-21,22.11,22.74,22.53,21.93,419685.97,0.59,2.69,21.878,21.47,20.828,468970.69,512452.75,467995.83,2.72
2015-05-20,21.8,22.84,21.94,21.66,481238.34,0.06,0.27,21.64,21.139,20.537,479914.26,497217.66,461727.95,3.12
2015-05-19,21.99,22.19,21.88,21.44,419851.66,0.48,2.24,21.668,20.853,20.29,543193.79,479878.45,448284.49,2.72
2015-05-18,21.1,22.38,21.4,21.06,424980.16,-0.24,-1.11,21.73,20.632,20.044,635480.22,466136.68,434823.35,2.75
2015-05-15,21.33,22.33,21.64,20.54,599097.31,0.3,1.41,21.484,20.57,19.821,624860.57,467256.11,420458.64,3.88
2015-05-14,22.08,22.08,21.34,21.19,474403.81,-0.74,-3.35,21.062,20.461,19.578,555934.8,447524.23,398365.05,3.07
2015-05-13,22.3,22.94,22.08,21.9,797636.0,-0.11,-0.5,20.638,20.428,19.37,514521.06,442525.11,387380.85,5.17
2015-05-12,20.51,22.19,22.19,20.5,881283.81,2.02,10.02,20.038,20.294,19.103,416563.12,475480.36,355816.51,5.71
2015-05-11,19.7,20.24,20.17,19.45,371881.94,0.64,3.28,19.534,20.298,18.824,296793.13,388496.35,319801.91,2.41
2015-05-08,19.66,19.8,19.53,19.19,254468.45,0.31,1.61,19.656,20.302,18.647,309651.64,352068.2,309716.44,1.65
2015-05-07,19.17,19.48,19.22,18.61,267335.09,0.14,0.73,19.86,20.186,18.482,339113.65,423538.91,302631.4,1.73
2015-05-06,19.99,20.25,19.08,18.9,307846.31,-0.59,-3.0,20.218,19.934,18.333,370529.16,426238.25,295241.96,2.0
2015-05-05,20.48,20.6,19.67,19.51,282433.88,-1.11,-5.34,20.55,19.726,18.177,534397.59,416690.53,284921.64,1.83
2015-05-04,20.3,20.98,20.78,19.8,436174.47,0.23,1.12,21.062,19.455,17.993,480199.56,403510.02,279134.81,2.83
2015-04-30,21.4,21.75,20.55,20.48,401778.5,-0.46,-2.19,20.948,19.072,17.771,394484.76,373661.18,267453.47,2.6
2015-04-29,20.88,21.35,21.01,20.58,424412.62,0.27,1.3,20.512,18.695,17.585,507964.17,349205.87,256164.31,2.75
2015-04-28,22.0,22.05,20.74,20.3,1127188.5,-1.49,-6.7,19.65,18.311,17.376,481947.34,332236.6,245748.05,7.31
2015-04-27,22.23,22.23,22.23,22.23,11443.73,2.02,9.99,18.902,17.912,17.183,298983.47,236152.67,199372.03,0.07
2015-04-24,20.21,20.21,20.21,20.21,7600.43,1.84,10.02,17.848,17.35,16.902,326820.47,251107.47,210621.94,0.05
2015-03-04,16.7,18.37,18.37,16.68,969175.56,1.67,10.0,17.196,16.992,16.747,352837.61,267364.69,221972.77,6.28
2015-03-03,16.93,16.95,16.7,16.5,294328.47,-0.3,-1.76,16.878,16.778,16.703,190447.56,181723.88,188890.63,1.91
2015-03-02,17.05,17.06,17.0,16.76,212369.17,0.04,0.24,16.972,16.731,16.75,182525.86,164245.67,192983.76,1.38
2015-02-27,16.99,17.1,16.96,16.87,150628.72,0.01,0.06,16.922,16.628,16.801,173321.87,153152.75,208024.11,0.98
2015-02-26,16.78,16.96,16.95,16.67,137686.12,0.17,1.01,16.852,16.531,16.804,175394.47,154759.6,219342.0,0.89
2015-02-25,17.18,17.24,16.78,16.75,157225.34,-0.39,-2.27,16.788,16.47,16.794,181891.77,161245.75,230461.96,1.02
2015-02-17,16.77,17.35,17.17,16.77,254719.94,0.42,2.51,16.678,16.474,16.769,173000.2,163122.76,238142.56,1.65
2015-02-16,16.61,16.83,16.75,16.43,166349.22,0.14,0.84,16.49,16.44,16.702,145965.48,159259.5,237834.47,1.08
2015-02-13,16.7,16.84,16.61,16.58,160991.75,-0.02,-0.12,16.334,16.453,16.637,132983.63,162591.4,243974.71,1.04
2015-02-12,16.26,16.65,16.63,16.21,170172.61,0.4,2.46,16.21,16.454,16.635,134124.72,170136.4,248625.9,1.1
2015-02-11,16.3,16.43,16.23,16.14,112767.49,0.0,0.0,16.152,16.501,16.629,140599.73,176580.84,247769.97,0.73
2015-02-10,16.16,16.29,16.23,15.99,119546.33,0.26,1.63,16.27,16.627,16.632,153245.31,196057.37,249655.56,0.77
2015-02-09,15.9,16.19,15.97,15.9,101439.96,-0.02,-0.12,16.39,16.769,16.644,172553.51,221721.85,252678.49,0.66
2015-02-06,16.33,16.5,15.99,15.8,166697.19,-0.35,-2.14,16.572,16.973,16.661,192199.16,262895.47,268885.22,1.08
2015-02-05,17.0,17.09,16.34,16.3,202547.66,-0.48,-2.85,16.698,17.077,16.726,206148.09,283924.41,282696.18,1.31
2015-02-04,16.83,16.87,16.82,16.64,175995.41,-0.01,-0.06,16.85,17.118,16.808,212561.96,299678.18,291966.54,1.14
2015-02-03,16.89,17.18,16.83,16.7,216087.34,-0.05,-0.3,16.984,17.063,16.901,238869.44,313162.37,310529.01,1.4
2015-02-02,16.35,17.08,16.88,16.22,199668.22,0.26,1.56,17.148,16.963,16.97,270890.19,316409.44,316077.81,1.29
2015-01-30,17.12,17.33,16.62,16.58,236441.81,-0.48,-2.81,17.374,16.821,17.034,333591.79,325358.02,323524.71,1.53
2015-01-29,17.18,17.45,17.1,17.06,234617.03,-0.39,-2.23,17.456,16.815,17.098,361700.73,327115.39,323441.54,1.52
2015-01-28,17.67,18.0,17.49,17.39,307532.78,-0.16,-0.91,17.386,16.756,17.124,386794.39,318959.09,326302.1,1.99
2015-01-27,18.03,18.16,17.65,17.3,376191.09,-0.36,-2.0,17.142,16.637,17.15,387455.3,303253.75,331558.54,2.44
2015-01-26,17.03,18.17,18.01,16.89,513176.22,0.98,5.75,16.778,16.519,17.176,361928.7,283635.13,337173.55,3.33
2015-01-23,16.9,17.34,17.03,16.7,376986.53,0.28,1.67,16.268,16.348,17.153,317124.26,274874.97,324224.32,2.44
2015-01-22,16.49,17.08,16.75,16.49,360085.34,0.48,2.95,16.174,16.374,17.177,292530.05,281467.95,320919.18,2.33
2015-01-21,15.85,16.45,16.27,15.72,310837.34,0.44,2.78,16.126,16.498,17.202,251123.78,284254.9,318939.3,2.01
2015-01-20,15.65,16.05,15.83,15.58,248558.05,0.37,2.39,16.132,16.739,17.252,219052.2,307895.64,325913.39,1.61
2015-01-19,15.86,16.4,15.46,15.28,289154.06,-1.1,-6.64,16.26,16.977,17.374,205341.56,315746.18,341312.04,1.87
2015-01-16,16.65,16.74,16.56,16.4,254015.48,0.05,0.3,16.428,17.247,17.49,232625.68,321691.39,343234.16,1.65
2015-01-15,16.35,16.58,16.51,16.31,153053.98,0.21,1.29,16.574,17.38,17.543,270405.84,319767.69,350387.96,0.99
2015-01-14,16.44,16.58,16.3,16.18,150479.41,-0.17,-1.03,16.87,17.491,17.612,317386.01,333645.11,358681.55,0.98
2015-01-13,16.38,16.5,16.47,16.21,180004.89,0.17,1.04,17.346,17.662,17.702,396739.09,359863.32,370989.7,1.17
2015-01-12,17.01,17.03,16.3,16.1,425574.66,-0.99,-5.73,17.694,17.833,17.771,426150.81,390711.96,378044.95,2.76
2015-01-09,17.85,17.92,17.29,17.25,442916.28,-0.7,-3.89,18.066,17.957,17.845,410757.09,373573.66,387083.8,2.87
2015-01-08,18.6,18.86,17.99,17.96,387954.81,-0.69,-3.69,18.186,17.98,17.879,369129.54,360370.4,408519.68,2.51
2015-01-07,18.01,18.88,18.68,17.95,547244.81,0.47,2.58,18.112,17.905,17.803,349904.2,353623.7,443586.56,3.55
2015-01-06,17.9,18.78,18.21,17.74,327063.47,0.05,0.28,17.978,17.764,17.674,322987.56,343931.15,438253.52,2.12
2015-01-05,17.8,18.38,18.16,17.73,348606.09,0.27,1.51,17.972,17.771,17.561,355273.12,366877.89,450326.53,2.26
2014-12-31,17.55,17.99,17.89,17.5,234778.53,0.27,1.53,17.848,17.733,17.486,336390.23,364776.93,462350.32,1.52
2014-12-30,18.0,18.0,17.62,17.4,291828.12,-0.39,-2.17,17.774,17.705,17.403,351611.26,381008.23,473088.91,1.89
2014-12-29,18.12,18.48,18.01,17.7,412661.59,-0.17,-0.94,17.698,17.733,17.323,357343.19,383717.99,478290.12,2.67
2014-12-26,17.52,18.3,18.18,17.41,488491.28,0.64,3.65,17.55,17.742,17.208,364874.73,382116.07,482301.61,3.17
2014-12-25,17.64,17.67,17.54,17.28,254191.62,0.02,0.11,17.57,17.708,17.113,378482.66,365377.94,489592.77,1.65
2014-12-24,17.4,17.59,17.52,17.0,310883.69,0.28,1.62,17.618,17.732,17.058,393163.63,400593.94,502580.59,2.02
2014-12-23,17.62,18.13,17.24,17.2,320487.78,-0.03,-0.17,17.636,17.777,17.018,410405.19,456668.95,534558.18,2.08
2014-12-22,18.2,18.2,17.27,17.01,450319.28,-1.01,-5.53,17.768,17.701,16.98,410092.79,533549.42,540911.55,2.92
2014-12-19,17.69,18.83,18.28,17.62,556530.94,0.5,2.81,17.934,17.583,16.866,399357.41,532575.89,547510.77,3.61
2014-12-18,17.65,18.09,17.78,17.56,327596.44,0.17,0.96,17.846,17.351,16.689,352273.22,533775.17,543526.59,2.12
2014-12-17,17.86,18.18,17.61,17.31,397091.53,-0.29,-1.62,17.846,17.238,16.537,408024.25,559923.72,549052.79,2.57
2014-12-16,18.02,18.18,17.9,17.7,318925.78,-0.2,-1.1,17.918,17.1,16.374,502932.7,565169.59,553487.8,2.07
2014-12-15,17.71,18.29,18.1,17.68,396642.34,0.26,1.46,17.634,16.913,16.185,657006.05,572862.25,554784.01,2.57
2014-12-12,17.84,18.18,17.84,17.6,321110.03,0.06,0.34,17.232,16.673,15.994,665794.37,582487.16,567730.37,2.08
2014-12-11,17.88,18.35,17.78,17.5,606351.56,-0.19,-1.06,16.856,16.517,15.83,715277.11,613807.59,597034.9,3.93
2014-12-10,16.9,18.1,17.97,16.69,871633.81,1.49,9.04,16.63,16.383,15.647,711823.18,604567.24,620629.97,5.65
2014-12-09,15.98,17.7,16.48,15.9,1089292.5,0.39,2.42,16.282,16.258,15.459,627406.48,612447.42,641427.06,7.06
2014-12-08,15.87,16.61,16.09,15.84,440583.97,0.13,0.81,16.192,16.259,15.28,488718.45,548273.69,614869.46,2.86
2014-12-05,16.8,16.92,15.96,15.68,568523.69,-0.69,-4.14,16.114,16.149,15.11,499179.94,562445.64,603196.91,3.69
2014-12-04,16.25,16.7,16.65,16.0,589081.94,0.42,2.59,16.178,16.026,14.933,512338.08,553278.02,588577.81,3.82
2014-12-03,16.12,16.42,16.23,15.83,449550.31,0.2,1.25,16.136,15.835,14.724,497311.3,538181.87,565553.64,2.91
2014-12-02,15.7,16.26,16.03,15.69,395852.34,0.33,2.1,16.234,15.648,14.535,597488.35,541806.0,548575.24,2.57
2014-12-01,16.16,16.18,15.7,15.55,492891.44,-0.58,-3.56,16.326,15.456,14.356,607828.93,536705.77,538645.93,3.19
2014-11-28,16.31,16.88,16.28,16.13,634314.38,-0.16,-0.97,16.184,15.315,14.206,625711.34,552973.58,525579.54,4.11
2014-11-27,16.55,16.71,16.44,16.18,513948.03,-0.28,-1.68,15.874,15.142,14.027,594217.96,580262.21,509097.73,3.33
2014-11-26,17.08,17.08,16.72,16.04,950435.56,0.23,1.4,15.534,14.911,13.836,579052.44,636692.71,509506.1,6.16
2014-11-25,15.23,16.49,16.49,15.14,447555.22,1.5,10.01,15.062,14.659,13.619,486123.64,670406.71,478675.37,2.9
2014-11-24,15.08,15.18,14.99,14.65,582303.5,0.26,1.76,14.586,14.301,13.387,465582.61,681465.24,463742.58,3.77
2014-11-21,14.74,14.9,14.73,14.56,476847.5,-0.01,-0.07,14.446,14.071,13.22,480235.82,643948.17,438926.06,3.09
2014-11-20,14.38,14.76,14.74,14.22,438120.44,0.38,2.65,14.41,13.84,13.06,566306.46,623877.61,420468.84,2.84
2014-11-19,14.15,14.82,14.36,14.11,485791.56,0.25,1.77,14.288,13.612,12.897,694332.97,592925.41,406901.6,3.15
2014-11-18,14.0,14.43,14.11,13.99,344850.03,-0.18,-1.26,14.256,13.421,12.773,854689.78,555344.49,388075.78,2.24
2014-11-17,14.8,14.96,14.29,14.0,655569.56,-0.26,-1.79,14.016,13.255,12.667,897347.87,540586.08,376109.3,4.25
2014-11-14,14.36,15.12,14.55,14.16,907200.69,0.42,2.97,13.696,13.096,12.559,807660.53,498185.5,348186.09,5.88
2014-11-13,14.2,14.77,14.13,13.98,1078253.0,-0.07,-0.49,13.27,12.911,12.433,681448.76,437933.25,312536.51,6.99
2014-11-12,13.15,14.2,14.2,13.06,1287575.62,1.29,9.99,12.936,12.761,12.339,491517.84,382319.5,267705.48,8.35
2014-11-11,12.77,12.97,12.91,12.57,558140.5,0.22,1.73,12.586,12.579,12.255,255999.2,286944.02,209333.16,3.62
2014-11-10,12.4,12.72,12.69,12.3,207132.83,0.27,2.17,12.494,12.472,12.237,183824.29,246019.93,188818.02,1.34
2014-11-07,12.46,12.78,12.42,12.35,276141.84,-0.04,-0.32,12.496,12.369,12.229,188710.46,233903.95,186429.75,1.79
2014-11-06,12.4,12.51,12.46,12.35,128598.43,0.01,0.08,12.552,12.279,12.24,194417.75,217060.08,185356.91,0.83
2014-11-05,12.42,12.55,12.45,12.37,109982.42,0.0,0.0,12.586,12.182,12.259,273121.15,220877.8,194423.98,0.71
2014-11-04,12.66,12.67,12.45,12.42,197265.95,-0.25,-1.97,12.572,12.125,12.293,317888.84,220807.07,200704.3,1.28
2014-11-03,12.75,12.85,12.7,12.62,231563.67,0.0,0.0,12.45,12.078,12.328,308215.56,211632.51,209294.15,1.5
2014-10-31,12.57,12.82,12.7,12.42,304678.28,0.07,0.55,12.242,12.022,12.33,279097.43,198186.68,206699.65,1.97
2014-10-30,12.52,12.96,12.63,12.52,522115.41,0.25,2.02,12.006,11.955,12.333,239702.4,187139.76,198488.02,3.38
2014-10-29,11.86,12.41,12.38,11.84,333820.88,0.54,4.56,11.778,11.916,12.336,168634.46,153091.47,183662.06,2.16
2014-10-28,11.6,11.93,11.84,11.6,148899.56,0.18,1.54,11.678,11.931,12.361,123725.3,131722.31,179923.56,0.97
2014-10-27,11.55,11.77,11.66,11.53,85973.04,0.14,1.22,11.706,12.002,12.404,115049.46,131616.11,181316.36,0.56
2014-10-24,11.47,11.71,11.52,11.4,107703.13,0.03,0.26,11.802,12.088,12.453,117275.92,138955.56,190484.08,0.7
2014-10-23,11.9,11.96,11.49,11.47,166775.69,-0.39,-3.28,11.904,12.201,12.508,134577.11,153653.74,197879.14,1.08
2014-10-22,11.98,12.04,11.88,11.86,109275.06,-0.1,-0.83,12.054,12.336,12.546,137548.48,167970.15,195911.4,0.71
2014-10-21,12.13,12.2,11.98,11.97,105520.36,-0.16,-1.32,12.184,12.46,12.569,139719.32,180601.52,199828.55,0.68
2014-10-20,12.05,12.19,12.14,11.98,97105.34,0.11,0.91,12.298,12.578,12.595,148182.76,206955.79,216616.02,0.63
2014-10-17,12.27,12.38,12.03,11.88,194209.09,-0.21,-1.72,12.374,12.637,12.607,160635.2,215212.62,221233.37,1.26
2014-10-16,12.5,12.52,12.24,12.2,181632.56,-0.29,-2.31,12.498,12.71,12.622,172730.37,209836.28,219154.55,1.18
2014-10-15,12.54,12.58,12.53,12.41,120129.24,-0.02,-0.16,12.618,12.756,12.62,198391.82,214232.65,225091.91,0.78
2014-10-14,12.52,12.59,12.55,12.41,147837.59,0.03,0.24,12.736,12.791,12.615,221483.73,228124.82,229866.89,0.96
2014-10-13,12.62,12.62,12.52,12.38,159367.53,-0.13,-1.03,12.858,12.805,12.616,265728.82,231016.6,237833.56,1.03
2014-10-10,12.76,12.78,12.65,12.55,254684.94,-0.19,-1.48,12.9,12.817,12.627,269790.04,242012.61,240324.1,1.65
2014-10-09,13.12,13.16,12.84,12.75,309939.78,-0.28,-2.13,12.922,12.814,12.62,246942.2,242104.53,234578.58,2.01
2014-10-08,13.2,13.24,13.12,12.96,235588.8,-0.04,-0.3,12.894,12.756,12.604,230073.49,223852.66,226348.45,1.53
2014-09-30,12.77,13.18,13.16,12.7,369063.06,0.43,3.38,12.846,12.678,12.572,234765.91,219055.58,220774.25,2.39
2014-09-29,12.81,12.88,12.73,12.68,179673.61,-0.03,-0.23,12.752,12.611,12.535,196304.38,226276.25,209014.44,1.16
2014-09-26,12.68,12.87,12.76,12.6,140445.73,0.06,0.47,12.734,12.576,12.503,214235.18,227254.13,205631.87,0.91
2014-09-25,12.95,12.99,12.7,12.65,225596.23,-0.18,-1.4,12.706,12.533,12.462,237266.87,228472.82,203857.82,1.46
2014-09-24,12.68,12.93,12.88,12.6,259050.94,0.19,1.5,12.618,12.483,12.429,217631.83,235951.17,199744.41,1.68
2014-09-23,12.68,12.77,12.69,12.54,176755.39,0.05,0.4,12.51,12.439,12.395,203345.25,231608.96,195213.27,1.15
2014-09-22,12.79,12.88,12.64,12.53,269327.59,0.02,0.16,12.47,12.426,12.392,256248.11,244650.51,192536.12,1.75
2014-09-19,12.27,12.65,12.62,12.23,255604.2,0.36,2.94,12.418,12.436,12.39,240273.07,238635.6,188736.36,1.66
2014-09-18,12.29,12.39,12.26,12.14,127421.01,-0.08,-0.65,12.36,12.426,12.379,219678.77,227052.63,185069.97,0.83
2014-09-17,12.49,12.56,12.34,12.05,187618.05,-0.15,-1.2,12.348,12.451,12.401,254270.51,228844.24,186137.03,1.22
2014-09-16,12.43,12.88,12.49,12.4,441269.72,0.11,0.89,12.368,12.465,12.426,259872.67,222492.93,184871.89,2.86
2014-09-15,12.35,12.54,12.38,12.29,189452.39,0.05,0.41,12.382,12.459,12.44,233052.91,191752.63,170453.21,1.23
2014-09-12,12.21,12.37,12.33,12.18,152632.66,0.13,1.07,12.454,12.43,12.447,236998.13,184009.61,168827.84,0.99
2014-09-11,12.43,12.47,12.2,12.17,300379.75,-0.24,-1.93,12.492,12.39,12.46,234426.48,179242.82,169619.78,1.95
2014-09-10,12.6,12.7,12.44,12.36,215628.84,-0.12,-0.95,12.554,12.374,12.483,203417.96,163537.65,172666.28,1.4
2014-09-05,12.78,12.85,12.56,12.46,307170.91,-0.18,-1.41,12.562,12.35,12.479,185113.18,158817.58,179484.11,1.99
2014-09-04,12.52,12.85,12.74,12.48,209178.48,0.22,1.76,12.536,12.357,12.447,150452.36,140421.73,171820.31,1.69
2014-09-03,12.51,12.68,12.52,12.43,139774.44,0.01,0.08,12.406,12.344,12.412,131021.09,138837.12,172254.62,1.13
2014-09-02,12.46,12.57,12.51,12.32,145337.11,0.03,0.24,12.288,12.332,12.4,124059.15,143087.32,180965.1,1.17
2014-09-01,12.45,12.51,12.48,12.29,124104.95,0.05,0.4,12.194,12.35,12.355,123657.34,143429.82,182168.64,1.0
2014-08-29,12.11,12.48,12.43,12.05,133866.81,0.34,2.81,12.138,12.386,12.306,132521.97,147250.85,182087.33,1.08
2014-08-28,11.96,12.17,12.09,11.91,112022.15,0.16,1.34,12.178,12.42,12.255,130391.1,149153.78,185015.96,0.9
2014-08-27,12.04,12.09,11.93,11.88,104964.75,-0.11,-0.91,12.282,12.463,12.225,146653.16,153646.07,187410.28,0.85
2014-08-26,12.19,12.31,12.04,12.0,143328.06,-0.16,-1.31,12.376,12.53,12.191,162115.48,159996.74,189792.34,1.16
2014-08-25,12.63,12.63,12.2,12.19,168428.09,-0.43,-3.4,12.506,12.592,12.157,163202.29,181794.92,194216.55,1.36
2014-08-22,12.55,12.75,12.63,12.5,123212.44,0.02,0.16,12.634,12.607,12.113,161979.72,200150.64,198721.89,0.99
2014-08-21,12.4,12.74,12.61,12.37,193332.44,0.21,1.69,12.662,12.537,12.04,167916.46,203218.89,203426.71,1.56
2014-08-20,12.63,12.77,12.4,12.38,182276.38,-0.29,-2.29,12.644,12.479,11.948,160638.98,205672.11,202289.22,1.47
2014-08-19,12.79,12.79,12.69,12.62,148762.12,-0.15,-1.17,12.684,12.468,11.856,157877.99,218842.89,198137.08,1.2
2014-08-18,12.87,12.91,12.84,12.66,162315.23,0.07,0.55,12.678,12.36,11.767,200387.54,220907.47,195722.72,1.31
2014-08-15,12.56,12.89,12.77,12.56,152896.11,0.25,2.0,12.58,12.225,11.659,238321.55,216923.81,192855.74,1.23
2014-08-14,12.6,12.85,12.52,12.45,156945.06,-0.08,-0.64,12.412,12.09,11.564,238521.32,220878.15,189279.54,1.27
2014-08-13,12.6,12.75,12.6,12.44,168471.45,-0.06,-0.47,12.314,11.987,11.486,250705.24,221174.5,185524.07,1.36
2014-08-12,12.35,12.9,12.66,12.33,361309.84,0.31,2.51,12.252,11.852,11.404,279807.78,219587.93,183040.88,2.91
2014-08-11,11.84,12.38,12.35,11.65,351985.28,0.42,3.52,12.042,11.721,11.32,241427.39,206638.18,171587.97,2.84
2014-08-08,12.1,12.22,11.93,11.86,153894.95,-0.1,-0.83,11.87,11.619,11.251,195526.08,197293.15,159234.38,1.24
2014-08-07,12.2,12.37,12.03,11.98,217864.66,-0.26,-2.12,11.768,11.542,11.195,203234.98,203634.53,157561.13,1.76
2014-08-06,11.63,12.3,12.29,11.55,313984.16,0.68,5.86,11.66,11.417,11.128,191643.76,198906.33,152434.22,2.53
2014-08-05,11.62,11.88,11.61,11.52,169407.91,0.12,1.04,11.452,11.243,11.05,159368.09,177431.27,147608.53,1.37
2014-08-04,11.4,11.55,11.49,11.38,122478.71,0.07,0.61,11.4,11.173,11.03,171848.97,170537.98,147100.66,0.99
2014-08-01,11.49,11.65,11.42,11.38,192439.45,-0.07,-0.61,11.368,11.092,11.026,199060.22,168787.67,147999.49,1.55
2014-07-31,11.25,11.49,11.49,11.2,159908.56,0.24,2.13,11.316,11.037,11.03,204034.08,157680.92,147608.55,1.29
2014-07-30,11.3,11.42,11.25,11.18,152605.81,-0.1,-0.88,11.174,10.985,11.022,206168.9,149873.65,148175.34,1.23
2014-07-29,11.33,11.57,11.35,11.22,231812.31,0.02,0.18,11.034,10.955,11.025,195494.46,146493.83,153847.67,1.87
2014-07-28,11.29,11.48,11.33,11.16,258534.98,0.17,1.52,10.946,10.919,11.001,169226.99,136537.76,148780.7,2.08
2014-07-25,10.78,11.2,11.16,10.73,217308.72,0.38,3.52,10.816,10.883,10.984,138515.12,121175.6,142315.36,1.75
2014-07-24,10.56,10.85,10.78,10.48,170582.66,0.23,2.18,10.758,10.848,10.964,111327.77,111487.74,138547.98,1.38
2014-07-23,10.7,10.75,10.55,10.52,99233.62,-0.13,-1.22,10.796,10.838,10.96,93578.41,105962.11,136047.03,0.8
2014-07-22,10.67,10.95,10.91,10.58,100474.98,0.23,2.15,10.876,10.857,10.961,97493.19,117785.8,140538.76,0.81
2014-07-21,10.87,10.94,10.68,10.64,104975.61,-0.19,-1.75,10.892,10.886,10.971,103848.54,123663.34,139146.49,0.85
2014-07-18,10.95,11.01,10.87,10.85,81372.0,-0.1,-0.91,10.95,10.959,10.992,103836.09,127211.31,138552.08,0.66
2014-07-17,10.95,10.99,10.97,10.82,81835.83,0.02,0.18,10.938,11.023,11.009,111647.7,137536.17,139566.5,0.66
2014-07-16,11.02,11.15,10.95,10.88,118807.54,-0.04,-0.36,10.88,11.059,11.012,118345.8,146477.03,144584.57,0.96
2014-07-15,10.99,11.02,10.99,10.8,132251.7,0.02,0.18,10.838,11.094,11.014,138078.4,161201.52,156579.6,1.07
2014-07-14,10.85,10.97,10.97,10.76,104913.39,0.16,1.48,10.88,11.083,11.02,143478.14,161023.63,157965.65,0.85
2014-07-11,10.69,10.94,10.81,10.63,120430.04,0.13,1.22,10.968,11.084,11.019,150586.53,163455.12,160663.4,0.97
2014-07-10,10.75,10.93,10.68,10.65,115326.35,-0.06,-0.56,11.108,11.079,11.029,163424.64,165608.22,167656.15,0.93
2014-07-09,11.18,11.19,10.74,10.71,217470.52,-0.46,-4.11,11.238,11.081,11.052,174608.25,166131.96,182179.15,1.75
2014-07-08,11.43,11.52,11.2,11.15,159250.41,-0.21,-1.84,11.35,11.064,11.107,184324.64,163291.73,178897.24,1.28
2014-07-07,11.52,11.58,11.41,11.22,140455.31,-0.1,-0.87,11.286,11.055,11.142,178569.11,154629.64,175307.04,1.13
2014-07-04,11.44,11.66,11.51,11.37,184620.59,0.18,1.59,11.2,11.024,11.159,176323.7,149892.86,177523.83,1.49
2014-07-03,11.32,11.47,11.33,11.17,171244.44,0.03,0.27,11.05,10.994,11.196,167791.8,141596.83,173016.23,1.38
2014-07-02,10.9,11.37,11.3,10.76,266052.47,0.42,3.86,10.924,10.964,11.242,157655.66,142692.12,170484.82,2.14
2014-07-01,11.02,11.07,10.88,10.81,130472.75,-0.1,-0.91,10.778,10.934,11.296,142258.82,151957.67,164328.58,1.05
2014-06-30,10.79,11.06,10.98,10.76,129228.27,0.22,2.04,10.824,10.957,11.388,130690.17,154907.68,164279.5,1.04
2014-06-27,10.71,10.97,10.76,10.6,141961.09,0.06,0.56,10.848,10.953,11.485,123462.01,157871.68,172421.19,1.14
2014-06-26,10.65,10.76,10.7,10.58,120563.74,0.13,1.23,10.938,10.978,11.562,115401.85,169704.08,177448.03,0.97
2014-06-25,11.14,11.14,10.57,10.5,189068.23,-0.54,-4.86,11.004,11.022,11.625,127728.57,198226.33,178647.6,1.52
2014-06-24,11.1,11.19,11.11,11.05,72629.5,0.01,0.09,11.09,11.15,11.699,161656.53,194502.75,172855.93,0.59
2014-06-23,11.26,11.32,11.1,11.0,93087.47,-0.11,-0.98,11.09,11.228,11.753,179125.19,195984.43,174994.97,0.75
2014-06-20,11.11,11.23,11.21,11.02,101660.3,0.18,1.63,11.058,11.294,11.794,192281.35,205154.8,176338.47,0.82
2014-06-19,10.98,11.31,11.03,10.86,182197.36,0.03,0.27,11.018,11.398,11.829,224006.32,204435.64,179636.83,1.47
2014-06-18,11.22,11.48,11.0,10.94,358708.03,-0.11,-0.99,11.04,11.519,11.872,268724.09,198277.53,181304.86,2.89
2014-06-17,10.97,11.17,11.11,10.93,159972.8,0.17,1.55,11.21,11.658,11.926,227348.98,176699.48,185000.08,1.29
2014-06-16,11.0,11.03,10.94,10.84,158868.25,-0.07,-0.64,11.366,11.819,12.019,212843.68,173651.32,181889.07,1.28
2014-06-13,11.1,11.2,11.01,10.8,260285.16,-0.13,-1.17,11.53,12.016,12.128,218028.24,186970.69,181921.07,2.1
2014-06-12,11.78,11.79,11.14,10.94,405786.22,-0.71,-5.99,11.778,12.146,12.222,184864.95,185191.97,175983.53,3.27
2014-06-11,11.75,12.12,11.85,11.7,151832.45,-0.04,-0.34,11.998,12.228,12.326,127830.97,159068.87,166981.44,1.22
2014-06-10,11.73,11.95,11.89,11.71,87446.3,0.13,1.1,12.106,12.248,12.385,126049.98,151209.11,169179.43,0.7
2014-06-09,12.12,12.14,11.76,11.68,184791.08,-0.49,-4.0,12.272,12.277,12.45,134458.96,154005.5,178548.59,1.49
2014-06-06,12.29,12.39,12.25,12.08,94468.72,0.01,0.08,12.502,12.293,12.496,155913.15,147522.15,181210.21,0.76
2014-06-05,12.31,12.39,12.24,12.05,120616.29,-0.15,-1.21,12.514,12.26,12.535,185518.99,154838.03,190061.18,0.97
2014-06-04,12.68,12.82,12.39,12.26,142927.53,-0.33,-2.59,12.458,12.225,12.574,190306.78,164332.19,201063.0,1.15
2014-06-03,12.8,12.97,12.72,12.64,129491.19,-0.19,-1.47,12.39,12.193,12.616,176368.23,193300.69,206957.42,1.04
2014-05-30,12.3,12.98,12.91,12.11,292062.0,0.6,4.87,12.282,12.219,12.657,173552.03,190126.82,216569.78,2.35
2014-05-29,12.02,12.5,12.31,11.83,242497.94,0.35,2.93,12.084,12.24,12.678,139131.15,176871.45,224309.05,1.96
2014-05-28,12.1,12.22,11.96,11.68,144555.23,-0.09,-0.75,12.006,12.298,12.699,124157.07,166775.08,229501.85,1.17
2014-05-27,12.25,12.25,12.05,12.02,73234.81,-0.13,-1.07,11.992,12.424,12.679,138357.6,174894.0,243570.94,0.59
2014-05-26,11.94,12.31,12.18,11.93,115410.19,0.26,2.18,11.996,12.521,12.712,210233.14,187149.76,261855.14,0.93
2014-05-23,11.85,12.01,11.92,11.68,119957.58,0.0,0.0,12.156,12.622,12.736,206701.61,203091.69,274304.94,0.97
2014-05-22,11.91,12.17,11.92,11.71,167627.56,0.03,0.25,12.396,12.698,12.769,214611.76,214898.27,290795.72,1.35
2014-05-21,12.0,12.23,11.89,11.61,215557.84,-0.18,-1.49,12.59,12.81,12.818,209393.08,225284.32,309022.72,1.74
2014-05-20,13.09,13.16,12.07,11.68,432612.53,-0.91,-7.01,12.856,12.923,12.833,211430.4,237793.82,336467.92,3.49
2014-05-19,13.15,13.16,12.98,12.88,97752.54,-0.14,-1.07,13.046,13.039,12.832,164066.37,220614.15,339136.78,0.79
2014-05-16,12.91,13.2,13.12,12.75,159508.31,0.23,1.78,13.088,13.094,12.766,199481.76,243012.74,346130.37,1.29
2014-05-15,13.16,13.26,12.89,12.82,141534.2,-0.33,-2.5,13.0,13.115,12.69,215184.77,271746.64,351722.38,1.14
2014-05-14,13.04,13.3,13.22,12.8,225744.41,0.2,1.54,13.03,13.099,12.601,241175.55,292228.63,357400.73,1.82
2014-05-13,13.09,13.34,13.02,12.87,195792.41,-0.17,-1.29,12.99,12.934,12.512,264157.25,312247.88,361288.33,1.58
2014-05-12,12.91,13.33,13.19,12.82,274829.47,0.49,3.86,13.032,12.903,12.431,277161.92,336560.53,370246.8,2.22
2014-05-09,13.06,13.13,12.68,12.45,238023.38,-0.36,-2.76,13.1,12.85,12.321,286543.71,345518.2,367225.5,1.92
2014-05-08,12.93,13.37,13.04,12.71,271488.09,0.02,0.15,13.23,12.839,12.232,328308.5,366693.17,364295.41,2.19
2014-05-07,13.18,13.57,13.02,12.92,340652.88,-0.21,-1.59,13.168,12.826,12.126,343281.7,392761.12,364019.94,2.75
2014-05-06,13.5,13.58,13.23,13.13,260815.77,-0.3,-2.22,12.878,12.742,12.005,360338.52,435142.02,357540.4,2.1
2014-05-05,13.38,13.67,13.53,13.11,321738.44,0.2,1.5,12.774,12.624,11.857,395959.14,457659.41,353877.93,2.59
2014-04-30,12.96,13.64,13.33,12.68,446847.34,0.6,4.71,12.6,12.438,11.71,404492.68,449248.01,349461.58,3.6
2014-04-29,11.68,12.73,12.73,11.68,346354.09,1.16,10.03,12.448,12.264,11.567,405077.84,431698.12,338045.08,2.79
2014-04-28,12.31,12.57,11.57,11.5,425936.94,-1.14,-8.97,12.484,12.102,11.442,442240.53,422572.83,346088.01,3.43
2014-04-25,12.6,13.12,12.71,12.56,438918.91,0.05,0.4,12.606,12.089,11.394,509945.52,410328.78,357257.88,3.54
2014-04-24,12.65,12.75,12.66,12.12,364406.12,0.09,0.72,12.474,11.959,11.307,519359.68,403933.06,373284.1,2.94
2014-04-23,12.83,13.26,12.57,12.5,449773.12,-0.34,-2.63,12.276,11.792,11.205,494003.34,388932.8,383830.45,3.63
2014-04-22,12.17,12.98,12.91,11.92,532167.56,0.73,5.99,12.08,11.624,11.119,458318.4,361897.65,412593.6,4.29
2014-04-21,12.0,13.1,12.18,11.88,764461.88,0.13,1.08,11.72,11.425,10.966,402905.12,335278.76,411247.19,6.16
2014-04-18,11.66,12.14,12.05,11.45,485989.72,0.38,3.26,11.572,11.267,10.827,310712.04,279938.78,395284.76,3.92
2014-04-17,11.65,11.83,11.67,11.5,237624.41,0.08,0.69,11.444,11.089,10.669,288506.45,250096.45,383401.52,1.92
2014-04-16,11.08,11.65,11.59,11.05,271348.41,0.48,4.32,11.308,10.982,10.528,283862.25,249675.15,379539.85,2.19
2014-04-15,11.36,11.54,11.11,11.0,255101.19,-0.33,-2.88,11.168,10.87,10.386,265476.9,244392.04,372502.54,2.06
2014-04-14,11.59,11.73,11.44,11.35,303496.47,0.03,0.26,11.13,10.781,10.266,267652.39,269603.2,364897.54,2.45
2014-04-11,11.15,11.47,11.41,11.07,374961.75,0.42,3.82,10.962,10.698,10.126,249165.52,304186.98,353702.93,3.02
2014-04-10,10.9,11.09,10.99,10.86,214403.45,0.1,0.92,10.734,10.654,9.999,211686.46,342635.15,339581.46,1.73
2014-04-09,10.95,11.19,10.89,10.82,179421.64,-0.03,-0.28,10.656,10.617,9.891,215488.05,378728.11,340094.35,1.45
2014-04-08,10.6,11.05,10.92,10.58,265978.66,0.32,3.02,10.572,10.613,9.773,223307.19,463289.54,335641.92,2.14
2014-04-04,10.36,10.73,10.6,10.24,211062.08,0.33,3.21,10.432,10.507,9.647,271554.0,487215.61,329052.16,1.7
2014-04-03,10.62,10.68,10.27,10.22,187566.47,-0.33,-3.11,10.434,10.387,9.557,359208.44,510630.73,325664.71,1.51
2014-04-02,10.46,10.61,10.6,10.23,233411.38,0.13,1.24,10.574,10.248,9.493,473583.83,516706.59,324132.67,1.88
2014-04-01,10.3,10.52,10.47,10.22,218517.34,0.25,2.45,10.578,10.074,9.416,541968.17,509404.54,320362.81,1.76
2014-03-31,10.76,11.1,10.22,10.0,507212.75,-0.39,-3.68,10.654,9.901,9.352,703271.9,500613.04,321188.38,4.09
2014-03-28,10.9,11.59,10.61,10.58,649334.25,-0.36,-3.28,10.582,9.751,9.316,702877.23,460191.89,316798.39,5.23
2014-03-27,10.83,11.5,10.97,10.65,759443.44,0.35,3.3,10.34,9.554,9.221,662053.03,403218.88,289282.37,6.12
2014-03-26,10.78,10.85,10.62,10.45,575333.06,-0.23,-2.12,9.922,9.343,9.099,559829.34,336527.78,258870.13,4.64
2014-03-25,10.06,10.85,10.85,9.92,1025036.0,0.99,10.04,9.57,9.164,9.011,476840.92,301460.6,236560.92,8.26
2014-03-24,9.55,9.95,9.86,9.49,505239.38,0.46,4.89,9.148,8.932,8.903,297954.17,207994.3,194735.75,4.07
2014-03-21,8.95,9.66,9.4,8.94,445213.25,0.52,5.86,8.92,8.787,8.864,217506.55,170888.7,178232.78,3.59
2014-03-20,8.83,9.12,8.88,8.79,248325.0,0.02,0.23,8.768,8.726,8.865,144384.73,140698.69,166610.94,2.0
2014-03-19,8.71,8.87,8.86,8.56,160390.95,0.12,1.37,8.764,8.738,8.916,113226.23,131558.75,169218.88,1.29
2014-03-18,8.76,8.79,8.74,8.65,130602.28,0.02,0.23,8.758,8.757,8.96,126080.29,131321.07,168411.11,1.05
2014-03-17,8.7,8.72,8.72,8.58,103001.25,0.08,0.93,8.716,8.803,9.014,118034.43,141763.72,171101.98,0.83
2014-03-14,8.76,8.82,8.64,8.52,79604.16,-0.22,-2.48,8.654,8.88,9.081,124270.85,173404.89,177821.08,0.64
2014-03-13,8.8,8.94,8.86,8.7,92532.49,0.03,0.34,8.684,8.887,9.141,137012.66,175345.86,185399.08,0.75
2014-03-12,8.58,9.08,8.83,8.55,224661.25,0.3,3.52,8.712,8.855,9.175,149891.28,181212.49,194544.68,1.81
2014-03-11,8.41,8.56,8.53,8.31,90373.01,0.12,1.43,8.756,8.857,9.198,136561.85,171661.23,189571.57,0.73
2014-03-10,8.73,8.74,8.41,8.37,134183.36,-0.38,-4.32,8.89,8.874,9.23,165493.01,181477.2,193671.92,1.08
2014-03-07,9.0,9.04,8.79,8.74,143313.17,-0.21,-2.33,9.106,8.941,9.264,222538.93,185576.87,194627.2,1.16
2014-03-06,9.04,9.12,9.0,8.73,156925.62,-0.05,-0.55,9.09,9.003,9.262,213679.07,192523.19,190966.92,1.27
2014-03-05,9.21,9.28,9.05,8.99,158014.09,-0.15,-1.63,8.998,9.094,9.251,212533.69,206879.01,187996.46,1.27
2014-03-04,9.3,9.42,9.2,9.03,235028.8,-0.29,-3.06,8.958,9.162,9.24,206760.62,205501.15,184526.12,1.89
2014-03-03,8.65,9.58,9.49,8.65,419412.97,0.78,8.96,8.858,9.224,9.221,197461.39,200440.25,177084.81,3.38
2014-02-28,8.6,8.75,8.71,8.42,99013.86,0.17,1.99,8.776,9.282,9.186,148614.8,182237.27,162490.63,0.8
2014-02-27,8.9,8.97,8.54,8.52,151198.73,-0.31,-3.5,8.916,9.394,9.191,171367.31,195452.3,162987.64,1.22
2014-02-26,8.75,8.88,8.85,8.65,129148.72,0.15,1.72,9.19,9.494,9.198,201224.33,207876.88,159881.49,1.04
2014-02-25,9.17,9.29,8.7,8.6,188532.69,-0.38,-4.18,9.366,9.539,9.19,204241.69,207481.9,160664.37,1.52
2014-02-24,9.4,9.4,9.08,8.95,175180.02,-0.33,-3.51,9.59,9.586,9.175,203419.1,205866.65,155043.67,1.41
2014-02-21,9.87,9.95,9.41,9.22,212776.38,-0.5,-5.04,9.788,9.586,9.131,215859.74,203677.54,150881.25,1.72
2014-02-20,9.96,10.5,9.91,9.8,300483.84,0.18,1.85,9.872,9.52,9.076,219537.3,189410.65,145351.27,2.42
2014-02-19,9.75,9.99,9.73,9.65,144235.52,-0.09,-0.92,9.798,9.408,9.008,214529.43,169113.92,133207.96,1.16
2014-02-18,9.96,9.96,9.82,9.78,184419.75,-0.25,-2.48,9.712,9.318,8.946,210722.12,163551.08,130061.25,1.49
2014-02-17,9.87,10.14,10.07,9.7,237383.2,0.24,2.44,9.582,9.218,8.887,208314.19,153729.37,124074.14,1.91
2014-02-14,9.59,9.89,9.83,9.44,231164.19,0.29,3.04,9.384,9.09,8.806,191495.34,142743.98,117078.47,1.86
2014-02-13,9.3,9.77,9.54,9.23,275444.47,0.24,2.58,9.168,8.988,8.73,159284.01,130522.98,110599.49,2.22
2014-02-12,9.21,9.35,9.3,9.1,125198.97,0.13,1.42,9.018,8.901,8.681,123698.41,111886.1,101738.31,1.01
2014-02-11,9.03,9.24,9.17,8.96,172380.12,0.09,0.99,8.924,8.841,8.648,116380.05,113846.84,99882.34,1.39
2014-02-10,8.76,9.1,9.08,8.74,153288.94,0.33,3.77,8.854,8.764,8.629,99144.55,104220.7,95506.11,1.24
2014-02-07,8.71,8.76,8.75,8.55,70107.54,-0.04,-0.46,8.796,8.675,8.609,93992.63,98084.97,96243.2,0.57
2014-01-30,8.79,8.87,8.79,8.63,97516.46,-0.04,-0.45,8.808,8.631,8.626,101761.94,101291.89,102074.29,0.79
2014-01-29,8.88,8.92,8.83,8.76,88607.17,0.01,0.11,8.784,8.607,8.667,100073.79,97302.01,102785.41,0.71
2014-01-28,8.85,8.95,8.82,8.72,86202.64,0.03,0.34,8.758,8.574,8.719,111313.63,96571.43,102718.59,0.69
2014-01-27,8.74,8.92,8.79,8.69,127529.32,-0.02,-0.23,8.674,8.556,8.765,109296.85,94418.9,103332.44,1.03
2014-01-24,8.7,8.86,8.81,8.64,108954.12,0.14,1.61,8.554,8.521,8.805,102177.31,91412.95,101419.04,0.88
2014-01-23,8.78,8.81,8.67,8.65,89075.7,-0.03,-0.34,8.454,8.471,8.842,100821.84,90676.0,101358.43,0.72
2014-01-22,8.4,8.8,8.7,8.38,144806.39,0.3,3.57,8.43,8.461,8.9,94530.23,91590.53,100486.42,1.17
2014-01-21,8.23,8.42,8.4,8.18,76118.71,0.21,2.56,8.39,8.454,8.953,81829.22,85917.85,98771.74,0.61
2014-01-20,8.34,8.34,8.19,8.11,91931.64,-0.12,-1.44,8.438,8.494,9.018,79540.96,86791.53,99954.92,0.74
2014-01-17,8.53,8.53,8.31,8.25,102176.74,-0.24,-2.81,8.488,8.542,9.091,80648.59,94401.43,100763.23,0.82
2014-01-16,8.51,8.63,8.55,8.46,57617.68,0.05,0.59,8.488,8.621,9.159,80530.16,102856.69,102509.07,0.46
2014-01-15,8.63,8.64,8.5,8.4,81301.34,-0.14,-1.62,8.492,8.726,9.226,88650.83,108268.8,109597.36,0.66
2014-01-14,8.46,8.65,8.64,8.44,64677.39,0.2,2.37,8.518,8.863,9.311,90006.47,108865.75,113529.67,0.52
2014-01-13,8.36,8.52,8.44,8.3,97469.82,0.13,1.56,8.55,8.973,9.41,94042.09,112245.98,123959.82,0.79
2014-01-10,8.55,8.73,8.31,8.25,101584.58,-0.26,-3.03,8.596,9.089,9.544,108154.27,111425.12,124628.68,0.82
2014-01-09,8.61,8.87,8.57,8.55,98221.01,-0.06,-0.69,8.754,9.213,9.684,125183.21,112040.87,128216.89,0.79
2014-01-08,8.75,8.82,8.63,8.6,88079.55,-0.17,-1.93,8.96,9.338,9.811,127886.77,109382.31,133829.14,0.71
2014-01-07,8.6,8.86,8.8,8.55,84855.5,0.13,1.5,9.208,9.452,9.955,127725.04,111625.63,144983.08,0.68
2014-01-06,9.09,9.09,8.67,8.63,168030.7,-0.43,-4.72,9.396,9.541,10.071,130449.86,113118.31,149102.33,1.35
2014-01-03,9.51,9.57,9.1,9.09,186729.3,-0.5,-5.21,9.582,9.64,10.192,114695.97,107125.03,156992.91,1.51
2014-01-02,9.86,9.86,9.6,9.52,111738.82,-0.27,-2.74,9.672,9.697,10.287,98898.52,102161.45,165416.79,0.9
2013-12-31,9.64,9.88,9.87,9.62,87270.86,0.13,1.33,9.716,9.725,10.34,90877.85,110925.92,173980.3,0.7
2013-12-30,9.66,9.81,9.74,9.6,98479.64,0.14,1.46,9.696,9.758,10.357,95526.21,118193.59,181627.21,0.79
2013-12-27,9.52,9.65,9.6,9.43,89261.22,0.05,0.52,9.686,9.847,10.374,95786.77,135673.66,187667.89,0.72
2013-12-26,9.83,9.85,9.55,9.51,107742.08,-0.27,-2.75,9.698,9.998,10.429,99554.1,137832.25,191765.96,0.87
2013-12-25,9.77,9.87,9.82,9.7,71635.46,0.05,0.51,9.722,10.155,10.486,105424.37,144392.92,196553.82,0.58
2013-12-24,9.71,9.89,9.77,9.59,110512.67,0.08,0.83,9.734,10.283,10.537,130973.99,158275.97,199548.19,0.89
2013-12-23,9.85,9.85,9.69,9.41,99782.4,0.03,0.31,9.82,10.457,10.588,140860.96,178340.54,208757.44,0.8
2013-12-20,9.63,9.94,9.66,9.52,108097.88,-0.01,-0.1,10.008,10.6,10.627,175560.55,185086.35,214973.63,0.87
2013-12-19,9.91,9.96,9.67,9.5,137093.45,-0.21,-2.13,10.298,10.743,10.658,176110.4,206860.79,215368.39,1.11
2013-12-18,10.29,10.35,9.88,9.77,199383.56,-0.32,-3.14,10.588,10.877,10.691,183361.46,228672.13,221885.99,1.61
2013-12-17,10.6,10.68,10.2,10.1,159947.53,-0.43,-4.04,10.832,10.954,10.713,185577.95,237034.67,221190.29,1.29
2013-12-16,11.2,11.34,10.63,10.34,273280.31,-0.48,-4.32,11.094,10.956,10.703,215820.12,245060.83,227665.83,2.2
2013-12-13,11.01,11.27,11.11,10.88,110847.15,-0.01,-0.09,11.192,10.901,10.682,194612.15,239662.13,233004.02,0.89
2013-12-12,11.13,11.59,11.12,11.08,173348.77,0.02,0.18,11.188,10.86,10.621,237611.18,245699.67,239206.14,1.4
2013-12-11,11.35,11.51,11.1,11.0,210465.98,-0.41,-3.56,11.166,10.817,10.514,273982.79,248714.73,238473.26,1.7
2013-12-10,11.17,11.85,11.51,11.17,311158.41,0.39,3.51,11.076,10.79,10.392,288491.4,240820.4,232677.46,2.51
2013-12-09,11.09,11.24,11.12,10.91,167240.44,0.03,0.27,10.818,10.719,10.263,274301.54,239174.33,220830.11,1.35
2013-12-06,10.98,11.29,11.09,10.89,325842.31,0.08,0.73,10.61,10.653,10.146,284712.1,244860.91,218487.46,2.63
2013-12-05,10.67,11.13,11.01,10.45,355206.81,0.36,3.38,10.532,10.572,10.04,253788.15,223875.98,207571.84,2.86
2013-12-04,10.25,10.87,10.65,10.11,283009.03,0.43,4.21,10.468,10.505,9.952,223446.67,215099.86,192421.04,2.28
2013-12-03,10.05,10.36,10.22,9.88,240209.12,0.14,1.39,10.504,10.471,9.891,193149.4,205345.9,182713.85,1.94
2013-12-02,10.5,10.5,10.08,9.94,219293.25,-0.62,-5.79,10.62,10.45,9.863,204047.12,210270.83,175950.84,1.77
2013-11-29,10.75,10.75,10.7,10.44,171222.56,0.01,0.09,10.696,10.463,9.827,205009.71,226345.9,168678.35,1.38
2013-11-28,10.86,11.21,10.69,10.67,203499.38,-0.14,-1.29,10.612,10.381,9.761,193963.81,232712.61,164875.45,1.64
2013-11-27,10.8,10.97,10.83,10.66,131522.7,0.03,0.28,10.542,10.21,9.691,206753.05,228231.79,159758.29,1.06
2013-11-26,10.41,11.04,10.8,10.4,294697.72,0.34,3.25,10.438,9.993,9.638,217542.4,224534.51,157810.13,2.38
2013-11-25,10.2,10.85,10.46,10.16,224106.2,0.18,1.75,10.28,9.806,9.577,216494.53,202485.89,151611.42,1.81
2013-11-22,10.21,10.4,10.28,10.05,115993.04,-0.06,-0.58,10.23,9.639,9.55,247682.1,192114.02,150090.3,0.94
2013-11-21,10.2,10.84,10.34,10.14,267445.59,0.03,0.29,10.15,9.507,9.522,271461.41,191267.7,151885.66,2.16
2013-11-20,10.07,10.33,10.31,9.96,185469.44,0.3,3.0,9.878,9.399,9.504,249710.53,169742.22,146549.5,1.5
2013-11-19,10.05,10.35,10.01,9.93,289458.38,-0.2,-1.96,9.548,9.311,9.498,231526.62,160081.79,153707.78,2.33
2013-11-18,10.41,10.6,10.21,10.14,380044.03,0.33,3.34,9.332,9.276,9.56,188477.25,141630.86,148317.56,3.06
2013-11-15,8.95,9.88,9.88,8.91,234889.59,0.9,10.02,9.048,9.19,9.636,136545.94,111010.8,145352.73,1.89
2013-11-14,8.58,9.11,8.98,8.55,158691.19,0.32,3.69,8.864,9.141,9.623,111073.99,97038.3,140640.26,1.28
2013-11-13,8.85,8.85,8.66,8.57,94549.92,-0.27,-3.02,8.92,9.172,9.659,89773.91,91284.79,139637.43,0.76
2013-11-12,8.79,8.99,8.93,8.71,74211.53,0.14,1.59,9.074,9.282,9.718,88636.96,91085.76,142289.64,0.6
2013-11-11,8.83,8.95,8.79,8.57,120387.46,-0.17,-1.9,9.22,9.347,9.767,94784.46,100736.94,146544.52,0.97
2013-11-08,9.18,9.33,8.96,8.9,107529.83,-0.3,-3.24,9.332,9.461,9.832,85475.65,108066.59,148288.32,0.87
2013-11-07,9.36,9.41,9.26,9.19,52190.8,-0.17,-1.8,9.418,9.536,9.894,83002.62,112503.63,151199.64,0.42
2013-11-06,9.59,9.67,9.43,9.37,88865.19,-0.23,-2.38,9.424,9.608,9.943,92795.67,123356.78,158815.71,0.72
2013-11-05,9.28,9.69,9.66,9.21,104949.01,0.31,3.32,9.49,9.685,9.986,93534.56,147333.77,164644.92,0.85
2013-11-04,9.36,9.48,9.35,9.25,73843.44,-0.04,-0.43,9.474,9.844,10.015,106689.43,155004.27,170071.82,0.6
2013-11-01,9.39,9.5,9.39,9.14,95164.64,0.1,1.08,9.59,10.082,10.082,130657.52,179694.66,179694.66,0.77
2013-10-31,9.76,9.76,9.29,9.28,101156.07,-0.47,-4.82,9.654,10.159,10.159,142004.65,189086.88,189086.88,0.82
2013-10-30,9.52,9.85,9.76,9.45,92559.62,0.18,1.88,9.792,10.268,10.268,153917.89,200078.23,200078.23,0.75
2013-10-29,9.93,9.97,9.58,9.26,170723.38,-0.35,-3.52,9.88,10.34,10.34,201132.98,215438.03,215438.03,1.38
2013-10-28,9.67,10.08,9.93,9.66,193683.88,0.22,2.27,10.214,10.467,10.467,203319.12,222890.48,222890.48,1.56
2013-10-25,9.99,10.08,9.71,9.5,151900.31,-0.27,-2.71,10.574,10.574,10.574,228731.8,228731.8,228731.8,1.22
2013-10-24,10.12,10.3,9.98,9.76,160722.28,-0.22,-2.16,10.79,10.79,10.79,247939.67,247939.67,247939.67,1.3
2013-10-23,11.3,11.49,10.2,10.13,328635.06,-1.05,-9.33,11.06,11.06,11.06,277012.13,277012.13,277012.13,2.65
2013-10-22,11.6,11.89,11.25,11.11,181654.05,-0.48,-4.09,11.49,11.49,11.49,251200.67,251200.67,251200.67,1.46
2013-10-21,10.98,11.97,11.73,10.98,320747.28,0.81,7.42,11.73,11.73,11.73,320747.28,320747.28,320747.28,2.59
